file,class,method,variable,usage
/home/leticiafraga/LAB/qualidade-sistemas-java/./repos/AutoDispose/autodispose/src/test/java/autodispose2/AutoDisposeSingleObserverTest.java,autodispose2.AutoDisposeSingleObserverTest,autoDispose_withMaybe_normal/0,LOGGER,1
/home/leticiafraga/LAB/qualidade-sistemas-java/./repos/AutoDispose/autodispose/src/test/java/autodispose2/AutoDisposeSingleObserverTest.java,autodispose2.AutoDisposeSingleObserverTest,autoDispose_withProvider_interrupted/0,LOGGER,1
/home/leticiafraga/LAB/qualidade-sistemas-java/./repos/AutoDispose/autodispose/src/test/java/autodispose2/AutoDisposeSingleObserverTest.java,autodispose2.AutoDisposeSingleObserverTest,autoDispose_withMaybe_interrupted/0,LOGGER,1
/home/leticiafraga/LAB/qualidade-sistemas-java/./repos/AutoDispose/autodispose/src/test/java/autodispose2/AutoDisposeSingleObserverTest.java,autodispose2.AutoDisposeSingleObserverTest,autoDispose_withProvider/0,LOGGER,1
/home/leticiafraga/LAB/qualidade-sistemas-java/./repos/AutoDispose/autodispose/src/test/java/autodispose2/AutoDisposeSingleObserverTest.java,autodispose2.AutoDisposeSingleObserverTest,autoDispose_withScopeProviderCompleted_shouldNotReportDoubleSubscriptions/0,rule,1
/home/leticiafraga/LAB/qualidade-sistemas-java/./repos/AutoDispose/autodispose/src/main/java/autodispose2/AutoDisposingMaybeObserverImpl.java,autodispose2.AutoDisposingMaybeObserverImpl,isDisposed/0,mainDisposable,1
/home/leticiafraga/LAB/qualidade-sistemas-java/./repos/AutoDispose/autodispose/src/main/java/autodispose2/AutoDisposingMaybeObserverImpl.java,autodispose2.AutoDisposingMaybeObserverImpl,"AutoDisposingMaybeObserverImpl/2[io.reactivex.rxjava3.core.CompletableSource,io.reactivex.rxjava3.core.MaybeObserver<? super T>]",delegate,3
/home/leticiafraga/LAB/qualidade-sistemas-java/./repos/AutoDispose/autodispose/src/main/java/autodispose2/AutoDisposingMaybeObserverImpl.java,autodispose2.AutoDisposingMaybeObserverImpl,"AutoDisposingMaybeObserverImpl/2[io.reactivex.rxjava3.core.CompletableSource,io.reactivex.rxjava3.core.MaybeObserver<? super T>]",scope,3
/home/leticiafraga/LAB/qualidade-sistemas-java/./repos/AutoDispose/autodispose/src/main/java/autodispose2/AutoDisposingMaybeObserverImpl.java,autodispose2.AutoDisposingMaybeObserverImpl,dispose/0,scopeDisposable,1
/home/leticiafraga/LAB/qualidade-sistemas-java/./repos/AutoDispose/autodispose/src/main/java/autodispose2/AutoDisposingMaybeObserverImpl.java,autodispose2.AutoDisposingMaybeObserverImpl,dispose/0,mainDisposable,1
/home/leticiafraga/LAB/qualidade-sistemas-java/./repos/AutoDispose/autodispose/src/main/java/autodispose2/AutoDisposingMaybeObserverImpl.java,autodispose2.AutoDisposingMaybeObserverImpl,onSuccess/1[T],delegate,1
/home/leticiafraga/LAB/qualidade-sistemas-java/./repos/AutoDispose/autodispose/src/main/java/autodispose2/AutoDisposingMaybeObserverImpl.java,autodispose2.AutoDisposingMaybeObserverImpl,onSuccess/1[T],scopeDisposable,1
/home/leticiafraga/LAB/qualidade-sistemas-java/./repos/AutoDispose/autodispose/src/main/java/autodispose2/AutoDisposingMaybeObserverImpl.java,autodispose2.AutoDisposingMaybeObserverImpl,onSuccess/1[T],mainDisposable,1
/home/leticiafraga/LAB/qualidade-sistemas-java/./repos/AutoDispose/autodispose/src/main/java/autodispose2/AutoDisposingMaybeObserverImpl.java,autodispose2.AutoDisposingMaybeObserverImpl,delegateObserver/0,delegate,1
/home/leticiafraga/LAB/qualidade-sistemas-java/./repos/AutoDispose/autodispose/src/main/java/autodispose2/AutoDisposingMaybeObserverImpl.java,autodispose2.AutoDisposingMaybeObserverImpl,onSubscribe/1[io.reactivex.rxjava3.disposables.Disposable],delegate,1
/home/leticiafraga/LAB/qualidade-sistemas-java/./repos/AutoDispose/autodispose/src/main/java/autodispose2/AutoDisposingMaybeObserverImpl.java,autodispose2.AutoDisposingMaybeObserverImpl,onSubscribe/1[io.reactivex.rxjava3.disposables.Disposable],scope,1
/home/leticiafraga/LAB/qualidade-sistemas-java/./repos/AutoDispose/autodispose/src/main/java/autodispose2/AutoDisposingMaybeObserverImpl.java,autodispose2.AutoDisposingMaybeObserverImpl,onSubscribe/1[io.reactivex.rxjava3.disposables.Disposable],scopeDisposable,1
/home/leticiafraga/LAB/qualidade-sistemas-java/./repos/AutoDispose/autodispose/src/main/java/autodispose2/AutoDisposingMaybeObserverImpl.java,autodispose2.AutoDisposingMaybeObserverImpl,onSubscribe/1[io.reactivex.rxjava3.disposables.Disposable],mainDisposable,1
/home/leticiafraga/LAB/qualidade-sistemas-java/./repos/AutoDispose/autodispose/src/main/java/autodispose2/AutoDisposingMaybeObserverImpl.java,autodispose2.AutoDisposingMaybeObserverImpl,onComplete/0,delegate,1
/home/leticiafraga/LAB/qualidade-sistemas-java/./repos/AutoDispose/autodispose/src/main/java/autodispose2/AutoDisposingMaybeObserverImpl.java,autodispose2.AutoDisposingMaybeObserverImpl,onComplete/0,scopeDisposable,1
/home/leticiafraga/LAB/qualidade-sistemas-java/./repos/AutoDispose/autodispose/src/main/java/autodispose2/AutoDisposingMaybeObserverImpl.java,autodispose2.AutoDisposingMaybeObserverImpl,onComplete/0,mainDisposable,1
/home/leticiafraga/LAB/qualidade-sistemas-java/./repos/AutoDispose/autodispose/src/main/java/autodispose2/AutoDisposingMaybeObserverImpl.java,autodispose2.AutoDisposingMaybeObserverImpl,onError/1[java.lang.Throwable],delegate,1
/home/leticiafraga/LAB/qualidade-sistemas-java/./repos/AutoDispose/autodispose/src/main/java/autodispose2/AutoDisposingMaybeObserverImpl.java,autodispose2.AutoDisposingMaybeObserverImpl,onError/1[java.lang.Throwable],scopeDisposable,1
/home/leticiafraga/LAB/qualidade-sistemas-java/./repos/AutoDispose/autodispose/src/main/java/autodispose2/AutoDisposingMaybeObserverImpl.java,autodispose2.AutoDisposingMaybeObserverImpl,onError/1[java.lang.Throwable],mainDisposable,1
/home/leticiafraga/LAB/qualidade-sistemas-java/./repos/AutoDispose/test-utils/src/main/java/autodispose2/test/RxErrorsRule.java,autodispose2.test.RxErrorsRule,take/0,errors,1
/home/leticiafraga/LAB/qualidade-sistemas-java/./repos/AutoDispose/test-utils/src/main/java/autodispose2/test/RxErrorsRule.java,autodispose2.test.RxErrorsRule,starting/1[autodispose2.test.Description],errors,1
/home/leticiafraga/LAB/qualidade-sistemas-java/./repos/AutoDispose/test-utils/src/main/java/autodispose2/test/RxErrorsRule.java,autodispose2.test.RxErrorsRule,hasErrors/0,errors,1
/home/leticiafraga/LAB/qualidade-sistemas-java/./repos/AutoDispose/test-utils/src/main/java/autodispose2/test/RxErrorsRule.java,autodispose2.test.RxErrorsRule,getErrors/0,errors,1
/home/leticiafraga/LAB/qualidade-sistemas-java/./repos/AutoDispose/autodispose/src/test/java/autodispose2/AutoDisposeObserverTest.java,autodispose2.AutoDisposeObserverTest,autoDispose_withScopeProviderCompleted_shouldNotReportDoubleSubscriptions/0,rule,1
/home/leticiafraga/LAB/qualidade-sistemas-java/./repos/AutoDispose/autodispose/src/test/java/autodispose2/AutoDisposeObserverTest.java,autodispose2.AutoDisposeObserverTest,autoDispose_withMaybe_interrupted/0,LOGGER,1
/home/leticiafraga/LAB/qualidade-sistemas-java/./repos/AutoDispose/autodispose/src/test/java/autodispose2/AutoDisposeObserverTest.java,autodispose2.AutoDisposeObserverTest,autoDispose_withProvider/0,LOGGER,1
/home/leticiafraga/LAB/qualidade-sistemas-java/./repos/AutoDispose/static-analysis/autodispose-error-prone/src/test/resources/autodispose2/errorprone/UseAutoDisposeDefaultClassPositiveCases.java,autodispose2.errorprone.UseAutoDisposeDefaultClassPositiveCases,peekLifecycle/0,lifecycleSubject,1
/home/leticiafraga/LAB/qualidade-sistemas-java/./repos/AutoDispose/static-analysis/autodispose-error-prone/src/test/resources/autodispose2/errorprone/UseAutoDisposeDefaultClassPositiveCases.java,autodispose2.errorprone.UseAutoDisposeDefaultClassPositiveCases,lifecycle/0,lifecycleSubject,1
/home/leticiafraga/LAB/qualidade-sistemas-java/./repos/AutoDispose/android/autodispose-android/src/main/java/autodispose2/android/ViewScopeProvider.java,autodispose2.android.ViewScopeProvider,requestScope/0,view,1
/home/leticiafraga/LAB/qualidade-sistemas-java/./repos/AutoDispose/android/autodispose-android/src/main/java/autodispose2/android/ViewScopeProvider.java,autodispose2.android.ViewScopeProvider,ViewScopeProvider/1[autodispose2.android.View],view,3
/home/leticiafraga/LAB/qualidade-sistemas-java/./repos/AutoDispose/android/autodispose-android/src/main/java/autodispose2/android/ViewScopeProvider.java,autodispose2.android.ViewScopeProvider,from/1[autodispose2.android.View],view,4
/home/leticiafraga/LAB/qualidade-sistemas-java/./repos/AutoDispose/autodispose/src/test/java/autodispose2/PluginsMatrixTest.java,autodispose2.PluginsMatrixTest,PluginsMatrixTest/1[boolean],hideProxies,3
/home/leticiafraga/LAB/qualidade-sistemas-java/./repos/AutoDispose/autodispose/src/test/java/autodispose2/PluginsMatrixTest.java,autodispose2.PluginsMatrixTest,setUp/0,hideProxies,1
/home/leticiafraga/LAB/qualidade-sistemas-java/./repos/AutoDispose/android/autodispose-androidx-lifecycle/src/androidTest/java/autodispose2/androidx/lifecycle/AndroidLifecycleScopeProviderTest.java,autodispose2.androidx.lifecycle.AndroidLifecycleScopeProviderTest,observable_offAfterPause_shouldStopOnStop/0,LOGGER,1
/home/leticiafraga/LAB/qualidade-sistemas-java/./repos/AutoDispose/android/autodispose-androidx-lifecycle/src/androidTest/java/autodispose2/androidx/lifecycle/AndroidLifecycleScopeProviderTest.java,autodispose2.androidx.lifecycle.AndroidLifecycleScopeProviderTest,observable_createPause/0,LOGGER,1
/home/leticiafraga/LAB/qualidade-sistemas-java/./repos/AutoDispose/android/autodispose-androidx-lifecycle/src/androidTest/java/autodispose2/androidx/lifecycle/AndroidLifecycleScopeProviderTest.java,autodispose2.androidx.lifecycle.AndroidLifecycleScopeProviderTest,observable_startStop/0,LOGGER,1
/home/leticiafraga/LAB/qualidade-sistemas-java/./repos/AutoDispose/android/autodispose-androidx-lifecycle/src/androidTest/java/autodispose2/androidx/lifecycle/AndroidLifecycleScopeProviderTest.java,autodispose2.androidx.lifecycle.AndroidLifecycleScopeProviderTest,observable_offMainThread_shouldFail/0,LOGGER,1
/home/leticiafraga/LAB/qualidade-sistemas-java/./repos/AutoDispose/android/autodispose-androidx-lifecycle/src/androidTest/java/autodispose2/androidx/lifecycle/AndroidLifecycleScopeProviderTest.java,autodispose2.androidx.lifecycle.AndroidLifecycleScopeProviderTest,observable_resumeDestroy/0,LOGGER,1
/home/leticiafraga/LAB/qualidade-sistemas-java/./repos/AutoDispose/android/autodispose-androidx-lifecycle/src/androidTest/java/autodispose2/androidx/lifecycle/AndroidLifecycleScopeProviderTest.java,autodispose2.androidx.lifecycle.AndroidLifecycleScopeProviderTest,observable_offAfterDestroy_shouldFail/0,LOGGER,1
/home/leticiafraga/LAB/qualidade-sistemas-java/./repos/AutoDispose/android/autodispose-androidx-lifecycle/src/androidTest/java/autodispose2/androidx/lifecycle/AndroidLifecycleScopeProviderTest.java,autodispose2.androidx.lifecycle.AndroidLifecycleScopeProviderTest,observable_createDestroy/0,LOGGER,1
/home/leticiafraga/LAB/qualidade-sistemas-java/./repos/AutoDispose/android/autodispose-androidx-lifecycle/src/androidTest/java/autodispose2/androidx/lifecycle/AndroidLifecycleScopeProviderTest.java,autodispose2.androidx.lifecycle.AndroidLifecycleScopeProviderTest,observable_resumePause/0,LOGGER,1
/home/leticiafraga/LAB/qualidade-sistemas-java/./repos/AutoDispose/android/autodispose-androidx-lifecycle/src/androidTest/java/autodispose2/androidx/lifecycle/AndroidLifecycleScopeProviderTest.java,autodispose2.androidx.lifecycle.AndroidLifecycleScopeProviderTest,observable_beforeCreate/0,LOGGER,1
/home/leticiafraga/LAB/qualidade-sistemas-java/./repos/AutoDispose/android/autodispose-androidx-lifecycle/src/androidTest/java/autodispose2/androidx/lifecycle/AndroidLifecycleScopeProviderTest.java,autodispose2.androidx.lifecycle.AndroidLifecycleScopeProviderTest,observable_offAfterOnDestroyView_shouldStopOnDestroy/0,LOGGER,1
/home/leticiafraga/LAB/qualidade-sistemas-java/./repos/AutoDispose/autodispose/src/test/java/autodispose2/AutoDisposeMaybeObserverTest.java,autodispose2.AutoDisposeMaybeObserverTest,autoDispose_withProvider_completion/0,LOGGER,1
/home/leticiafraga/LAB/qualidade-sistemas-java/./repos/AutoDispose/autodispose/src/test/java/autodispose2/AutoDisposeMaybeObserverTest.java,autodispose2.AutoDisposeMaybeObserverTest,autoDispose_withProvider_success/0,LOGGER,1
/home/leticiafraga/LAB/qualidade-sistemas-java/./repos/AutoDispose/autodispose/src/test/java/autodispose2/AutoDisposeMaybeObserverTest.java,autodispose2.AutoDisposeMaybeObserverTest,autoDispose_withMaybe_normal/0,LOGGER,1
/home/leticiafraga/LAB/qualidade-sistemas-java/./repos/AutoDispose/autodispose/src/test/java/autodispose2/AutoDisposeMaybeObserverTest.java,autodispose2.AutoDisposeMaybeObserverTest,autoDispose_withMaybe_interrupted/0,LOGGER,1
/home/leticiafraga/LAB/qualidade-sistemas-java/./repos/AutoDispose/autodispose/src/test/java/autodispose2/AutoDisposeMaybeObserverTest.java,autodispose2.AutoDisposeMaybeObserverTest,autoDispose_withScopeProviderCompleted_shouldNotReportDoubleSubscriptions/0,rule,1
/home/leticiafraga/LAB/qualidade-sistemas-java/./repos/AutoDispose/autodispose/src/test/java/autodispose2/AutoDisposeMaybeObserverTest.java,autodispose2.AutoDisposeMaybeObserverTest,autoDispose_withProvider_interrupted/0,LOGGER,1
/home/leticiafraga/LAB/qualidade-sistemas-java/./repos/AutoDispose/sample/src/main/java/autodispose2/recipes/AutoDisposeView.java,autodispose2.recipes.AutoDisposeView,onDetachedFromWindow/0,lifecycleEvents,2
/home/leticiafraga/LAB/qualidade-sistemas-java/./repos/AutoDispose/sample/src/main/java/autodispose2/recipes/AutoDisposeView.java,autodispose2.recipes.AutoDisposeView,peekLifecycle/0,lifecycleEvents,1
/home/leticiafraga/LAB/qualidade-sistemas-java/./repos/AutoDispose/sample/src/main/java/autodispose2/recipes/AutoDisposeView.java,autodispose2.recipes.AutoDisposeView,correspondingEvents/0,CORRESPONDING_EVENTS,1
/home/leticiafraga/LAB/qualidade-sistemas-java/./repos/AutoDispose/sample/src/main/java/autodispose2/recipes/AutoDisposeView.java,autodispose2.recipes.AutoDisposeView,lifecycle/0,lifecycleEvents,1
/home/leticiafraga/LAB/qualidade-sistemas-java/./repos/AutoDispose/sample/src/main/java/autodispose2/recipes/AutoDisposeView.java,autodispose2.recipes.AutoDisposeView,init/0,lifecycleEvents,1
/home/leticiafraga/LAB/qualidade-sistemas-java/./repos/AutoDispose/sample/src/main/java/autodispose2/recipes/AutoDisposeView.java,autodispose2.recipes.AutoDisposeView,onAttachedToWindow/0,lifecycleEvents,2
/home/leticiafraga/LAB/qualidade-sistemas-java/./repos/AutoDispose/static-analysis/autodispose-error-prone/src/test/resources/autodispose2/errorprone/UseAutoDisposeNegativeCases.java,autodispose2.errorprone.UseAutoDisposeNegativeCases,peekLifecycle/0,lifecycleSubject,1
/home/leticiafraga/LAB/qualidade-sistemas-java/./repos/AutoDispose/static-analysis/autodispose-error-prone/src/test/resources/autodispose2/errorprone/UseAutoDisposeNegativeCases.java,autodispose2.errorprone.UseAutoDisposeNegativeCases,lifecycle/0,lifecycleSubject,1
/home/leticiafraga/LAB/qualidade-sistemas-java/./repos/AutoDispose/test-utils/src/main/java/autodispose2/test/RecordingObserver.java,autodispose2.test.RecordingObserver$OnSubscribe,OnSubscribe/1[io.reactivex.rxjava3.disposables.Disposable],disposable,3
/home/leticiafraga/LAB/qualidade-sistemas-java/./repos/AutoDispose/autodispose/src/main/java/autodispose2/TestScopeProvider.java,autodispose2.TestScopeProvider,TestScopeProvider/1[io.reactivex.rxjava3.core.Completable],innerScope,1
/home/leticiafraga/LAB/qualidade-sistemas-java/./repos/AutoDispose/autodispose/src/main/java/autodispose2/TestScopeProvider.java,autodispose2.TestScopeProvider,requestScope/0,innerScope,1
/home/leticiafraga/LAB/qualidade-sistemas-java/./repos/AutoDispose/autodispose/src/main/java/autodispose2/TestScopeProvider.java,autodispose2.TestScopeProvider,emit/0,innerScope,1
/home/leticiafraga/LAB/qualidade-sistemas-java/./repos/AutoDispose/android/autodispose-android/src/androidTest/java/autodispose2/android/ViewScopeProviderTest.java,autodispose2.android.ViewScopeProviderTest,observable_offMainThread_shouldFail/0,parent,1
/home/leticiafraga/LAB/qualidade-sistemas-java/./repos/AutoDispose/android/autodispose-android/src/androidTest/java/autodispose2/android/ViewScopeProviderTest.java,autodispose2.android.ViewScopeProviderTest,observable_offMainThread_shouldFail/0,LOGGER,1
/home/leticiafraga/LAB/qualidade-sistemas-java/./repos/AutoDispose/android/autodispose-android/src/androidTest/java/autodispose2/android/ViewScopeProviderTest.java,autodispose2.android.ViewScopeProviderTest,observable_offMainThread_shouldFail/0,instrumentation,1
/home/leticiafraga/LAB/qualidade-sistemas-java/./repos/AutoDispose/android/autodispose-android/src/androidTest/java/autodispose2/android/ViewScopeProviderTest.java,autodispose2.android.ViewScopeProviderTest,observable_offMainThread_shouldFail/0,child,2
/home/leticiafraga/LAB/qualidade-sistemas-java/./repos/AutoDispose/android/autodispose-android/src/androidTest/java/autodispose2/android/ViewScopeProviderTest.java,autodispose2.android.ViewScopeProviderTest,setUp/0,parent,1
/home/leticiafraga/LAB/qualidade-sistemas-java/./repos/AutoDispose/android/autodispose-android/src/androidTest/java/autodispose2/android/ViewScopeProviderTest.java,autodispose2.android.ViewScopeProviderTest,setUp/0,activityRule,1
/home/leticiafraga/LAB/qualidade-sistemas-java/./repos/AutoDispose/android/autodispose-android/src/androidTest/java/autodispose2/android/ViewScopeProviderTest.java,autodispose2.android.ViewScopeProviderTest,setUp/0,child,1
/home/leticiafraga/LAB/qualidade-sistemas-java/./repos/AutoDispose/android/autodispose-android/src/androidTest/java/autodispose2/android/ViewScopeProviderTest.java,autodispose2.android.ViewScopeProviderTest,observable_offAfterDetach_shouldFail/0,parent,2
/home/leticiafraga/LAB/qualidade-sistemas-java/./repos/AutoDispose/android/autodispose-android/src/androidTest/java/autodispose2/android/ViewScopeProviderTest.java,autodispose2.android.ViewScopeProviderTest,observable_offAfterDetach_shouldFail/0,LOGGER,1
/home/leticiafraga/LAB/qualidade-sistemas-java/./repos/AutoDispose/android/autodispose-android/src/androidTest/java/autodispose2/android/ViewScopeProviderTest.java,autodispose2.android.ViewScopeProviderTest,observable_offAfterDetach_shouldFail/0,instrumentation,3
/home/leticiafraga/LAB/qualidade-sistemas-java/./repos/AutoDispose/android/autodispose-android/src/androidTest/java/autodispose2/android/ViewScopeProviderTest.java,autodispose2.android.ViewScopeProviderTest,observable_offAfterDetach_shouldFail/0,child,3
/home/leticiafraga/LAB/qualidade-sistemas-java/./repos/AutoDispose/android/autodispose-android/src/androidTest/java/autodispose2/android/ViewScopeProviderTest.java,autodispose2.android.ViewScopeProviderTest,observable_offBeforeAttach_shouldFail/0,LOGGER,1
/home/leticiafraga/LAB/qualidade-sistemas-java/./repos/AutoDispose/android/autodispose-android/src/androidTest/java/autodispose2/android/ViewScopeProviderTest.java,autodispose2.android.ViewScopeProviderTest,observable_offBeforeAttach_shouldFail/0,instrumentation,1
/home/leticiafraga/LAB/qualidade-sistemas-java/./repos/AutoDispose/android/autodispose-android/src/androidTest/java/autodispose2/android/ViewScopeProviderTest.java,autodispose2.android.ViewScopeProviderTest,observable_offBeforeAttach_shouldFail/0,child,1
/home/leticiafraga/LAB/qualidade-sistemas-java/./repos/AutoDispose/android/autodispose-android/src/androidTest/java/autodispose2/android/ViewScopeProviderTest.java,autodispose2.android.ViewScopeProviderTest,observable_normal/0,parent,2
/home/leticiafraga/LAB/qualidade-sistemas-java/./repos/AutoDispose/android/autodispose-android/src/androidTest/java/autodispose2/android/ViewScopeProviderTest.java,autodispose2.android.ViewScopeProviderTest,observable_normal/0,LOGGER,1
/home/leticiafraga/LAB/qualidade-sistemas-java/./repos/AutoDispose/android/autodispose-android/src/androidTest/java/autodispose2/android/ViewScopeProviderTest.java,autodispose2.android.ViewScopeProviderTest,observable_normal/0,instrumentation,3
/home/leticiafraga/LAB/qualidade-sistemas-java/./repos/AutoDispose/android/autodispose-android/src/androidTest/java/autodispose2/android/ViewScopeProviderTest.java,autodispose2.android.ViewScopeProviderTest,observable_normal/0,child,3
/home/leticiafraga/LAB/qualidade-sistemas-java/./repos/AutoDispose/android/autodispose-androidx-lifecycle/src/main/java/autodispose2/androidx/lifecycle/AndroidLifecycleScopeProvider.java,autodispose2.androidx.lifecycle.AndroidLifecycleScopeProvider,correspondingEvents/0,boundaryResolver,1
/home/leticiafraga/LAB/qualidade-sistemas-java/./repos/AutoDispose/android/autodispose-androidx-lifecycle/src/main/java/autodispose2/androidx/lifecycle/AndroidLifecycleScopeProvider.java,autodispose2.androidx.lifecycle.AndroidLifecycleScopeProvider,lifecycle/0,lifecycleObservable,1
/home/leticiafraga/LAB/qualidade-sistemas-java/./repos/AutoDispose/android/autodispose-androidx-lifecycle/src/main/java/autodispose2/androidx/lifecycle/AndroidLifecycleScopeProvider.java,autodispose2.androidx.lifecycle.AndroidLifecycleScopeProvider,"from/2[autodispose2.androidx.lifecycle.LifecycleOwner,autodispose2.lifecycle.CorrespondingEventsFunction<Lifecycle.Event>]",boundaryResolver,3
/home/leticiafraga/LAB/qualidade-sistemas-java/./repos/AutoDispose/android/autodispose-androidx-lifecycle/src/main/java/autodispose2/androidx/lifecycle/AndroidLifecycleScopeProvider.java,autodispose2.androidx.lifecycle.AndroidLifecycleScopeProvider,"from/2[autodispose2.androidx.lifecycle.Lifecycle,autodispose2.lifecycle.CorrespondingEventsFunction<Lifecycle.Event>]",boundaryResolver,3
/home/leticiafraga/LAB/qualidade-sistemas-java/./repos/AutoDispose/android/autodispose-androidx-lifecycle/src/main/java/autodispose2/androidx/lifecycle/AndroidLifecycleScopeProvider.java,autodispose2.androidx.lifecycle.AndroidLifecycleScopeProvider,"AndroidLifecycleScopeProvider/2[autodispose2.androidx.lifecycle.Lifecycle,autodispose2.lifecycle.CorrespondingEventsFunction<Lifecycle.Event>]",lifecycleObservable,1
/home/leticiafraga/LAB/qualidade-sistemas-java/./repos/AutoDispose/android/autodispose-androidx-lifecycle/src/main/java/autodispose2/androidx/lifecycle/AndroidLifecycleScopeProvider.java,autodispose2.androidx.lifecycle.AndroidLifecycleScopeProvider,"AndroidLifecycleScopeProvider/2[autodispose2.androidx.lifecycle.Lifecycle,autodispose2.lifecycle.CorrespondingEventsFunction<Lifecycle.Event>]",boundaryResolver,3
/home/leticiafraga/LAB/qualidade-sistemas-java/./repos/AutoDispose/android/autodispose-androidx-lifecycle/src/main/java/autodispose2/androidx/lifecycle/AndroidLifecycleScopeProvider.java,autodispose2.androidx.lifecycle.AndroidLifecycleScopeProvider,from/1[autodispose2.androidx.lifecycle.Lifecycle],DEFAULT_CORRESPONDING_EVENTS,1
/home/leticiafraga/LAB/qualidade-sistemas-java/./repos/AutoDispose/android/autodispose-androidx-lifecycle/src/main/java/autodispose2/androidx/lifecycle/AndroidLifecycleScopeProvider.java,autodispose2.androidx.lifecycle.AndroidLifecycleScopeProvider,peekLifecycle/0,lifecycleObservable,2
/home/leticiafraga/LAB/qualidade-sistemas-java/./repos/AutoDispose/autodispose/src/main/java/autodispose2/AutoSubscriptionHelper.java,autodispose2.AutoSubscriptionHelper,cancel/1[java.util.concurrent.atomic.AtomicReference<autodispose2.Subscription>],CANCELLED,3
/home/leticiafraga/LAB/qualidade-sistemas-java/./repos/AutoDispose/autodispose/src/main/java/autodispose2/AutoSubscriptionHelper.java,autodispose2.AutoSubscriptionHelper,"set/2[java.util.concurrent.atomic.AtomicReference<autodispose2.Subscription>,autodispose2.Subscription]",CANCELLED,2
/home/leticiafraga/LAB/qualidade-sistemas-java/./repos/AutoDispose/autodispose/src/main/java/autodispose2/AutoSubscriptionHelper.java,autodispose2.AutoSubscriptionHelper,isCancelled/1[autodispose2.Subscription],CANCELLED,1
/home/leticiafraga/LAB/qualidade-sistemas-java/./repos/AutoDispose/autodispose/src/main/java/autodispose2/AutoSubscriptionHelper.java,autodispose2.AutoSubscriptionHelper,"setOnce/2[java.util.concurrent.atomic.AtomicReference<autodispose2.Subscription>,autodispose2.Subscription]",CANCELLED,2
/home/leticiafraga/LAB/qualidade-sistemas-java/./repos/AutoDispose/autodispose/src/main/java/autodispose2/AutoSubscriptionHelper.java,autodispose2.AutoSubscriptionHelper,"replace/2[java.util.concurrent.atomic.AtomicReference<autodispose2.Subscription>,autodispose2.Subscription]",CANCELLED,2
/home/leticiafraga/LAB/qualidade-sistemas-java/./repos/AutoDispose/android/autodispose-androidx-lifecycle-test/src/main/java/autodispose2/androidx/lifecycle/test/TestLifecycleOwner.java,autodispose2.androidx.lifecycle.test.TestLifecycleOwner,emit/1[Lifecycle.Event],registry,1
/home/leticiafraga/LAB/qualidade-sistemas-java/./repos/AutoDispose/android/autodispose-androidx-lifecycle-test/src/main/java/autodispose2/androidx/lifecycle/test/TestLifecycleOwner.java,autodispose2.androidx.lifecycle.test.TestLifecycleOwner,TestLifecycleOwner/1[autodispose2.androidx.lifecycle.test.LifecycleRegistry],registry,4
/home/leticiafraga/LAB/qualidade-sistemas-java/./repos/AutoDispose/android/autodispose-androidx-lifecycle-test/src/main/java/autodispose2/androidx/lifecycle/test/TestLifecycleOwner.java,autodispose2.androidx.lifecycle.test.TestLifecycleOwner,create/1[autodispose2.androidx.lifecycle.test.LifecycleRegistry],registry,3
/home/leticiafraga/LAB/qualidade-sistemas-java/./repos/AutoDispose/android/autodispose-androidx-lifecycle-test/src/main/java/autodispose2/androidx/lifecycle/test/TestLifecycleOwner.java,autodispose2.androidx.lifecycle.test.TestLifecycleOwner,getLifecycle/0,registry,1
/home/leticiafraga/LAB/qualidade-sistemas-java/./repos/AutoDispose/autodispose/src/main/java/autodispose2/AutoDisposeSingle.java,autodispose2.AutoDisposeSingle,"AutoDisposeSingle/2[io.reactivex.rxjava3.core.SingleSource<T>,io.reactivex.rxjava3.core.CompletableSource]",scope,3
/home/leticiafraga/LAB/qualidade-sistemas-java/./repos/AutoDispose/autodispose/src/main/java/autodispose2/AutoDisposeSingle.java,autodispose2.AutoDisposeSingle,"AutoDisposeSingle/2[io.reactivex.rxjava3.core.SingleSource<T>,io.reactivex.rxjava3.core.CompletableSource]",source,3
/home/leticiafraga/LAB/qualidade-sistemas-java/./repos/AutoDispose/autodispose/src/main/java/autodispose2/AutoDisposeSingle.java,autodispose2.AutoDisposeSingle,subscribeActual/1[io.reactivex.rxjava3.core.SingleObserver<? super T>],scope,1
/home/leticiafraga/LAB/qualidade-sistemas-java/./repos/AutoDispose/autodispose/src/main/java/autodispose2/AutoDisposeSingle.java,autodispose2.AutoDisposeSingle,subscribeActual/1[io.reactivex.rxjava3.core.SingleObserver<? super T>],source,1
/home/leticiafraga/LAB/qualidade-sistemas-java/./repos/AutoDispose/android/autodispose-androidx-lifecycle/src/main/java/autodispose2/androidx/lifecycle/LifecycleEventsObservable.java,autodispose2.androidx.lifecycle.LifecycleEventsObservable,LifecycleEventsObservable/1[autodispose2.androidx.lifecycle.Lifecycle],lifecycle,3
/home/leticiafraga/LAB/qualidade-sistemas-java/./repos/AutoDispose/android/autodispose-androidx-lifecycle/src/main/java/autodispose2/androidx/lifecycle/LifecycleEventsObservable.java,autodispose2.androidx.lifecycle.LifecycleEventsObservable,backfillEvents/0,lifecycle,1
/home/leticiafraga/LAB/qualidade-sistemas-java/./repos/AutoDispose/android/autodispose-androidx-lifecycle/src/main/java/autodispose2/androidx/lifecycle/LifecycleEventsObservable.java,autodispose2.androidx.lifecycle.LifecycleEventsObservable,backfillEvents/0,eventsObservable,1
/home/leticiafraga/LAB/qualidade-sistemas-java/./repos/AutoDispose/android/autodispose-androidx-lifecycle/src/main/java/autodispose2/androidx/lifecycle/LifecycleEventsObservable.java,autodispose2.androidx.lifecycle.LifecycleEventsObservable,subscribeActual/1[io.reactivex.rxjava3.core.Observer<? super autodispose2.androidx.lifecycle.Event>],lifecycle,3
/home/leticiafraga/LAB/qualidade-sistemas-java/./repos/AutoDispose/android/autodispose-androidx-lifecycle/src/main/java/autodispose2/androidx/lifecycle/LifecycleEventsObservable.java,autodispose2.androidx.lifecycle.LifecycleEventsObservable,subscribeActual/1[io.reactivex.rxjava3.core.Observer<? super autodispose2.androidx.lifecycle.Event>],eventsObservable,1
/home/leticiafraga/LAB/qualidade-sistemas-java/./repos/AutoDispose/android/autodispose-androidx-lifecycle/src/main/java/autodispose2/androidx/lifecycle/LifecycleEventsObservable.java,autodispose2.androidx.lifecycle.LifecycleEventsObservable,getValue/0,eventsObservable,1
/home/leticiafraga/LAB/qualidade-sistemas-java/./repos/AutoDispose/android/autodispose-android/src/androidTest/java/autodispose2/android/AutoDisposeTestActivity.java,autodispose2.android.AutoDisposeTestActivity,onCreate/1[autodispose2.android.Bundle],parent,2
/home/leticiafraga/LAB/qualidade-sistemas-java/./repos/AutoDispose/android/autodispose-android/src/androidTest/java/autodispose2/android/AutoDisposeTestActivity.java,autodispose2.android.AutoDisposeTestActivity,onCreate/1[autodispose2.android.Bundle],child,1
/home/leticiafraga/LAB/qualidade-sistemas-java/./repos/AutoDispose/autodispose-lifecycle/src/test/java/autodispose2/lifecycle/LifecycleScopeProviderParallelFlowableTest.java,autodispose2.lifecycle.LifecycleScopeProviderParallelFlowableTest,autoDispose_withProviderAndPlugin_withoutStarting_shouldFailWithExp/0,DEFAULT_PARALLELISM,1
/home/leticiafraga/LAB/qualidade-sistemas-java/./repos/AutoDispose/autodispose-lifecycle/src/test/java/autodispose2/lifecycle/LifecycleScopeProviderParallelFlowableTest.java,autodispose2.lifecycle.LifecycleScopeProviderParallelFlowableTest,autoDispose_withProvider_withoutStartingLifecycle_shouldFail/0,DEFAULT_PARALLELISM,1
/home/leticiafraga/LAB/qualidade-sistemas-java/./repos/AutoDispose/autodispose-lifecycle/src/test/java/autodispose2/lifecycle/LifecycleScopeProviderParallelFlowableTest.java,autodispose2.lifecycle.LifecycleScopeProviderParallelFlowableTest,autoDispose_withProviderAndNoOpPlugin_withoutStarting_shouldFailSilently/0,DEFAULT_PARALLELISM,1
/home/leticiafraga/LAB/qualidade-sistemas-java/./repos/AutoDispose/autodispose-lifecycle/src/test/java/autodispose2/lifecycle/LifecycleScopeProviderParallelFlowableTest.java,autodispose2.lifecycle.LifecycleScopeProviderParallelFlowableTest,autoDispose_withProviderAndNoOpPlugin_afterEnding_shouldFailSilently/0,DEFAULT_PARALLELISM,1
/home/leticiafraga/LAB/qualidade-sistemas-java/./repos/AutoDispose/autodispose-lifecycle/src/test/java/autodispose2/lifecycle/LifecycleScopeProviderParallelFlowableTest.java,autodispose2.lifecycle.LifecycleScopeProviderParallelFlowableTest,autoDispose_withProvider_afterLifecycle_shouldFail/0,DEFAULT_PARALLELISM,1
/home/leticiafraga/LAB/qualidade-sistemas-java/./repos/AutoDispose/autodispose-lifecycle/src/test/java/autodispose2/lifecycle/LifecycleScopeProviderParallelFlowableTest.java,autodispose2.lifecycle.LifecycleScopeProviderParallelFlowableTest,autoDispose_withLifecycleProvider/0,DEFAULT_PARALLELISM,1
/home/leticiafraga/LAB/qualidade-sistemas-java/./repos/AutoDispose/static-analysis/autodispose-error-prone/src/main/java/autodispose2/errorprone/AbstractReturnValueIgnored.java,autodispose2.errorprone.AbstractReturnValueIgnored,"mockitoInvocation/2[com.sun.source.tree.Tree,autodispose2.errorprone.VisitorState]",MOCKITO_MATCHER,1
/home/leticiafraga/LAB/qualidade-sistemas-java/./repos/AutoDispose/static-analysis/autodispose-error-prone/src/main/java/autodispose2/errorprone/AbstractReturnValueIgnored.java,autodispose2.errorprone.AbstractReturnValueIgnored,"isThrowingFunctionalInterface/2[autodispose2.errorprone.VisitorState,autodispose2.errorprone.Type]",CLASSES_CONSIDERED_THROWING,1
/home/leticiafraga/LAB/qualidade-sistemas-java/./repos/AutoDispose/static-analysis/autodispose-error-prone/src/main/java/autodispose2/errorprone/AbstractReturnValueIgnored.java,autodispose2.errorprone.AbstractReturnValueIgnored,"expectedExceptionTest/2[com.sun.source.tree.Tree,autodispose2.errorprone.VisitorState]",EXPECTED_EXCEPTION_MATCHER,1
/home/leticiafraga/LAB/qualidade-sistemas-java/./repos/AutoDispose/sample/src/main/java/autodispose2/recipes/AutoDisposeViewHolder.java,autodispose2.recipes.AutoDisposeViewHolder,onUnbind/0,lifecycleEvents,1
/home/leticiafraga/LAB/qualidade-sistemas-java/./repos/AutoDispose/sample/src/main/java/autodispose2/recipes/AutoDisposeViewHolder.java,autodispose2.recipes.AutoDisposeViewHolder,peekLifecycle/0,lifecycleEvents,1
/home/leticiafraga/LAB/qualidade-sistemas-java/./repos/AutoDispose/sample/src/main/java/autodispose2/recipes/AutoDisposeViewHolder.java,autodispose2.recipes.AutoDisposeViewHolder,correspondingEvents/0,CORRESPONDING_EVENTS,1
/home/leticiafraga/LAB/qualidade-sistemas-java/./repos/AutoDispose/sample/src/main/java/autodispose2/recipes/AutoDisposeViewHolder.java,autodispose2.recipes.AutoDisposeViewHolder,lifecycle/0,lifecycleEvents,1
/home/leticiafraga/LAB/qualidade-sistemas-java/./repos/AutoDispose/sample/src/main/java/autodispose2/recipes/AutoDisposeViewHolder.java,autodispose2.recipes.AutoDisposeViewHolder,onBind/0,lifecycleEvents,1
/home/leticiafraga/LAB/qualidade-sistemas-java/./repos/AutoDispose/autodispose/src/test/java/autodispose2/AutoDisposeSubscriberTest.java,autodispose2.AutoDisposeSubscriberTest,autoDispose_withScopeProviderCompleted_shouldNotReportDoubleSubscriptions/0,rule,1
/home/leticiafraga/LAB/qualidade-sistemas-java/./repos/AutoDispose/autodispose/src/main/java/autodispose2/AutoDisposeParallelFlowable.java,autodispose2.AutoDisposeParallelFlowable,parallelism/0,source,1
/home/leticiafraga/LAB/qualidade-sistemas-java/./repos/AutoDispose/autodispose/src/main/java/autodispose2/AutoDisposeParallelFlowable.java,autodispose2.AutoDisposeParallelFlowable,subscribe/1[autodispose2.Subscriber<? super T>[]],scope,1
/home/leticiafraga/LAB/qualidade-sistemas-java/./repos/AutoDispose/autodispose/src/main/java/autodispose2/AutoDisposeParallelFlowable.java,autodispose2.AutoDisposeParallelFlowable,subscribe/1[autodispose2.Subscriber<? super T>[]],source,1
/home/leticiafraga/LAB/qualidade-sistemas-java/./repos/AutoDispose/autodispose/src/main/java/autodispose2/AutoDisposeParallelFlowable.java,autodispose2.AutoDisposeParallelFlowable,"AutoDisposeParallelFlowable/2[io.reactivex.rxjava3.parallel.ParallelFlowable<T>,io.reactivex.rxjava3.core.CompletableSource]",scope,3
/home/leticiafraga/LAB/qualidade-sistemas-java/./repos/AutoDispose/autodispose/src/main/java/autodispose2/AutoDisposeParallelFlowable.java,autodispose2.AutoDisposeParallelFlowable,"AutoDisposeParallelFlowable/2[io.reactivex.rxjava3.parallel.ParallelFlowable<T>,io.reactivex.rxjava3.core.CompletableSource]",source,3
/home/leticiafraga/LAB/qualidade-sistemas-java/./repos/AutoDispose/autodispose-lifecycle/src/test/java/autodispose2/lifecycle/LifecycleScopeProviderSingleTest.java,autodispose2.lifecycle.LifecycleScopeProviderSingleTest,autoDispose_withProvider_withoutStartingLifecycle_shouldFail/0,LOGGER,1
/home/leticiafraga/LAB/qualidade-sistemas-java/./repos/AutoDispose/autodispose-lifecycle/src/test/java/autodispose2/lifecycle/LifecycleScopeProviderSingleTest.java,autodispose2.lifecycle.LifecycleScopeProviderSingleTest,autoDispose_withProvider_afterLifecycle_shouldFail/0,LOGGER,1
/home/leticiafraga/LAB/qualidade-sistemas-java/./repos/AutoDispose/autodispose-lifecycle/src/test/java/autodispose2/lifecycle/LifecycleScopeProviderSingleTest.java,autodispose2.lifecycle.LifecycleScopeProviderSingleTest,autoDispose_withLifecycleProvider/0,LOGGER,1
/home/leticiafraga/LAB/qualidade-sistemas-java/./repos/AutoDispose/autodispose-lifecycle/src/test/java/autodispose2/lifecycle/LifecycleScopeProviderSingleTest.java,autodispose2.lifecycle.LifecycleScopeProviderSingleTest,autoDispose_withLifecycleProvider_interrupted/0,LOGGER,1
/home/leticiafraga/LAB/qualidade-sistemas-java/./repos/AutoDispose/static-analysis/autodispose-error-prone/src/test/resources/autodispose2/errorprone/UseAutoDisposeNegativeCasesExcluded.java,autodispose2.errorprone.UseAutoDisposeNegativeCasesExcluded,peekLifecycle/0,lifecycleSubject,1
/home/leticiafraga/LAB/qualidade-sistemas-java/./repos/AutoDispose/static-analysis/autodispose-error-prone/src/test/resources/autodispose2/errorprone/UseAutoDisposeNegativeCasesExcluded.java,autodispose2.errorprone.UseAutoDisposeNegativeCasesExcluded,lifecycle/0,lifecycleSubject,1
/home/leticiafraga/LAB/qualidade-sistemas-java/./repos/AutoDispose/android/autodispose-android/src/main/java/autodispose2/android/internal/MainThreadDisposable.java,autodispose2.android.internal.MainThreadDisposable,dispose/0,unsubscribed,1
/home/leticiafraga/LAB/qualidade-sistemas-java/./repos/AutoDispose/android/autodispose-android/src/main/java/autodispose2/android/internal/MainThreadDisposable.java,autodispose2.android.internal.MainThreadDisposable,isDisposed/0,unsubscribed,1
/home/leticiafraga/LAB/qualidade-sistemas-java/./repos/AutoDispose/autodispose/src/main/java/autodispose2/AutoDisposingSubscriberImpl.java,autodispose2.AutoDisposingSubscriberImpl,onError/1[java.lang.Throwable],delegate,1
/home/leticiafraga/LAB/qualidade-sistemas-java/./repos/AutoDispose/autodispose/src/main/java/autodispose2/AutoDisposingSubscriberImpl.java,autodispose2.AutoDisposingSubscriberImpl,onError/1[java.lang.Throwable],mainSubscription,1
/home/leticiafraga/LAB/qualidade-sistemas-java/./repos/AutoDispose/autodispose/src/main/java/autodispose2/AutoDisposingSubscriberImpl.java,autodispose2.AutoDisposingSubscriberImpl,onError/1[java.lang.Throwable],error,1
/home/leticiafraga/LAB/qualidade-sistemas-java/./repos/AutoDispose/autodispose/src/main/java/autodispose2/AutoDisposingSubscriberImpl.java,autodispose2.AutoDisposingSubscriberImpl,onError/1[java.lang.Throwable],scopeDisposable,1
/home/leticiafraga/LAB/qualidade-sistemas-java/./repos/AutoDispose/autodispose/src/main/java/autodispose2/AutoDisposingSubscriberImpl.java,autodispose2.AutoDisposingSubscriberImpl,isDisposed/0,mainSubscription,1
/home/leticiafraga/LAB/qualidade-sistemas-java/./repos/AutoDispose/autodispose/src/main/java/autodispose2/AutoDisposingSubscriberImpl.java,autodispose2.AutoDisposingSubscriberImpl,delegateSubscriber/0,delegate,1
/home/leticiafraga/LAB/qualidade-sistemas-java/./repos/AutoDispose/autodispose/src/main/java/autodispose2/AutoDisposingSubscriberImpl.java,autodispose2.AutoDisposingSubscriberImpl,onSubscribe/1[autodispose2.Subscription],delegate,1
/home/leticiafraga/LAB/qualidade-sistemas-java/./repos/AutoDispose/autodispose/src/main/java/autodispose2/AutoDisposingSubscriberImpl.java,autodispose2.AutoDisposingSubscriberImpl,onSubscribe/1[autodispose2.Subscription],mainSubscription,1
/home/leticiafraga/LAB/qualidade-sistemas-java/./repos/AutoDispose/autodispose/src/main/java/autodispose2/AutoDisposingSubscriberImpl.java,autodispose2.AutoDisposingSubscriberImpl,onSubscribe/1[autodispose2.Subscription],ref,1
/home/leticiafraga/LAB/qualidade-sistemas-java/./repos/AutoDispose/autodispose/src/main/java/autodispose2/AutoDisposingSubscriberImpl.java,autodispose2.AutoDisposingSubscriberImpl,onSubscribe/1[autodispose2.Subscription],requested,1
/home/leticiafraga/LAB/qualidade-sistemas-java/./repos/AutoDispose/autodispose/src/main/java/autodispose2/AutoDisposingSubscriberImpl.java,autodispose2.AutoDisposingSubscriberImpl,onSubscribe/1[autodispose2.Subscription],scope,1
/home/leticiafraga/LAB/qualidade-sistemas-java/./repos/AutoDispose/autodispose/src/main/java/autodispose2/AutoDisposingSubscriberImpl.java,autodispose2.AutoDisposingSubscriberImpl,onSubscribe/1[autodispose2.Subscription],scopeDisposable,1
/home/leticiafraga/LAB/qualidade-sistemas-java/./repos/AutoDispose/autodispose/src/main/java/autodispose2/AutoDisposingSubscriberImpl.java,autodispose2.AutoDisposingSubscriberImpl,request/1[long],ref,1
/home/leticiafraga/LAB/qualidade-sistemas-java/./repos/AutoDispose/autodispose/src/main/java/autodispose2/AutoDisposingSubscriberImpl.java,autodispose2.AutoDisposingSubscriberImpl,request/1[long],requested,1
/home/leticiafraga/LAB/qualidade-sistemas-java/./repos/AutoDispose/autodispose/src/main/java/autodispose2/AutoDisposingSubscriberImpl.java,autodispose2.AutoDisposingSubscriberImpl,onNext/1[T],delegate,1
/home/leticiafraga/LAB/qualidade-sistemas-java/./repos/AutoDispose/autodispose/src/main/java/autodispose2/AutoDisposingSubscriberImpl.java,autodispose2.AutoDisposingSubscriberImpl,onNext/1[T],mainSubscription,1
/home/leticiafraga/LAB/qualidade-sistemas-java/./repos/AutoDispose/autodispose/src/main/java/autodispose2/AutoDisposingSubscriberImpl.java,autodispose2.AutoDisposingSubscriberImpl,onNext/1[T],error,1
/home/leticiafraga/LAB/qualidade-sistemas-java/./repos/AutoDispose/autodispose/src/main/java/autodispose2/AutoDisposingSubscriberImpl.java,autodispose2.AutoDisposingSubscriberImpl,onNext/1[T],scopeDisposable,1
/home/leticiafraga/LAB/qualidade-sistemas-java/./repos/AutoDispose/autodispose/src/main/java/autodispose2/AutoDisposingSubscriberImpl.java,autodispose2.AutoDisposingSubscriberImpl,onComplete/0,delegate,1
/home/leticiafraga/LAB/qualidade-sistemas-java/./repos/AutoDispose/autodispose/src/main/java/autodispose2/AutoDisposingSubscriberImpl.java,autodispose2.AutoDisposingSubscriberImpl,onComplete/0,mainSubscription,1
/home/leticiafraga/LAB/qualidade-sistemas-java/./repos/AutoDispose/autodispose/src/main/java/autodispose2/AutoDisposingSubscriberImpl.java,autodispose2.AutoDisposingSubscriberImpl,onComplete/0,error,1
/home/leticiafraga/LAB/qualidade-sistemas-java/./repos/AutoDispose/autodispose/src/main/java/autodispose2/AutoDisposingSubscriberImpl.java,autodispose2.AutoDisposingSubscriberImpl,onComplete/0,scopeDisposable,1
/home/leticiafraga/LAB/qualidade-sistemas-java/./repos/AutoDispose/autodispose/src/main/java/autodispose2/AutoDisposingSubscriberImpl.java,autodispose2.AutoDisposingSubscriberImpl,cancel/0,mainSubscription,1
/home/leticiafraga/LAB/qualidade-sistemas-java/./repos/AutoDispose/autodispose/src/main/java/autodispose2/AutoDisposingSubscriberImpl.java,autodispose2.AutoDisposingSubscriberImpl,cancel/0,scopeDisposable,1
/home/leticiafraga/LAB/qualidade-sistemas-java/./repos/AutoDispose/autodispose/src/main/java/autodispose2/AutoDisposingSubscriberImpl.java,autodispose2.AutoDisposingSubscriberImpl,"AutoDisposingSubscriberImpl/2[io.reactivex.rxjava3.core.CompletableSource,autodispose2.Subscriber<? super T>]",delegate,3
/home/leticiafraga/LAB/qualidade-sistemas-java/./repos/AutoDispose/autodispose/src/main/java/autodispose2/AutoDisposingSubscriberImpl.java,autodispose2.AutoDisposingSubscriberImpl,"AutoDisposingSubscriberImpl/2[io.reactivex.rxjava3.core.CompletableSource,autodispose2.Subscriber<? super T>]",scope,3
/home/leticiafraga/LAB/qualidade-sistemas-java/./repos/AutoDispose/autodispose/src/main/java/autodispose2/AutoDisposeFlowable.java,autodispose2.AutoDisposeFlowable,"AutoDisposeFlowable/2[autodispose2.Publisher<T>,io.reactivex.rxjava3.core.CompletableSource]",scope,3
/home/leticiafraga/LAB/qualidade-sistemas-java/./repos/AutoDispose/autodispose/src/main/java/autodispose2/AutoDisposeFlowable.java,autodispose2.AutoDisposeFlowable,"AutoDisposeFlowable/2[autodispose2.Publisher<T>,io.reactivex.rxjava3.core.CompletableSource]",source,3
/home/leticiafraga/LAB/qualidade-sistemas-java/./repos/AutoDispose/autodispose/src/main/java/autodispose2/AutoDisposeFlowable.java,autodispose2.AutoDisposeFlowable,subscribeActual/1[autodispose2.Subscriber<? super T>],scope,1
/home/leticiafraga/LAB/qualidade-sistemas-java/./repos/AutoDispose/autodispose/src/main/java/autodispose2/AutoDisposeFlowable.java,autodispose2.AutoDisposeFlowable,subscribeActual/1[autodispose2.Subscriber<? super T>],source,1
/home/leticiafraga/LAB/qualidade-sistemas-java/./repos/AutoDispose/autodispose/src/main/java/autodispose2/AutoDisposeMaybe.java,autodispose2.AutoDisposeMaybe,subscribeActual/1[io.reactivex.rxjava3.core.MaybeObserver<? super T>],scope,1
/home/leticiafraga/LAB/qualidade-sistemas-java/./repos/AutoDispose/autodispose/src/main/java/autodispose2/AutoDisposeMaybe.java,autodispose2.AutoDisposeMaybe,subscribeActual/1[io.reactivex.rxjava3.core.MaybeObserver<? super T>],source,1
/home/leticiafraga/LAB/qualidade-sistemas-java/./repos/AutoDispose/autodispose/src/main/java/autodispose2/AutoDisposeMaybe.java,autodispose2.AutoDisposeMaybe,"AutoDisposeMaybe/2[io.reactivex.rxjava3.core.MaybeSource<T>,io.reactivex.rxjava3.core.CompletableSource]",scope,3
/home/leticiafraga/LAB/qualidade-sistemas-java/./repos/AutoDispose/autodispose/src/main/java/autodispose2/AutoDisposeMaybe.java,autodispose2.AutoDisposeMaybe,"AutoDisposeMaybe/2[io.reactivex.rxjava3.core.MaybeSource<T>,io.reactivex.rxjava3.core.CompletableSource]",source,3
/home/leticiafraga/LAB/qualidade-sistemas-java/./repos/AutoDispose/static-analysis/autodispose-error-prone/src/test/resources/autodispose2/errorprone/UseAutoDisposeDefaultClassPositiveCasesLenient.java,autodispose2.errorprone.UseAutoDisposeDefaultClassPositiveCasesLenient,peekLifecycle/0,lifecycleSubject,1
/home/leticiafraga/LAB/qualidade-sistemas-java/./repos/AutoDispose/static-analysis/autodispose-error-prone/src/test/resources/autodispose2/errorprone/UseAutoDisposeDefaultClassPositiveCasesLenient.java,autodispose2.errorprone.UseAutoDisposeDefaultClassPositiveCasesLenient,lifecycle/0,lifecycleSubject,1
/home/leticiafraga/LAB/qualidade-sistemas-java/./repos/AutoDispose/autodispose/src/test/java/autodispose2/TestUtil.java,autodispose2.TestUtil,outsideScopeProvider/0,OUTSIDE_SCOPE_PROVIDER,1
/home/leticiafraga/LAB/qualidade-sistemas-java/./repos/AutoDispose/android/autodispose-android/src/main/java/autodispose2/android/DetachEventCompletable.java,autodispose2.android.DetachEventCompletable$Listener,onViewDetachedFromWindow/1[autodispose2.android.View],observer,1
/home/leticiafraga/LAB/qualidade-sistemas-java/./repos/AutoDispose/android/autodispose-android/src/main/java/autodispose2/android/DetachEventCompletable.java,autodispose2.android.DetachEventCompletable$Listener,onDispose/0,view,1
/home/leticiafraga/LAB/qualidade-sistemas-java/./repos/AutoDispose/android/autodispose-android/src/main/java/autodispose2/android/DetachEventCompletable.java,autodispose2.android.DetachEventCompletable$Listener,"Listener/2[autodispose2.android.View,io.reactivex.rxjava3.core.CompletableObserver]",observer,3
/home/leticiafraga/LAB/qualidade-sistemas-java/./repos/AutoDispose/android/autodispose-android/src/main/java/autodispose2/android/DetachEventCompletable.java,autodispose2.android.DetachEventCompletable$Listener,"Listener/2[autodispose2.android.View,io.reactivex.rxjava3.core.CompletableObserver]",view,3
/home/leticiafraga/LAB/qualidade-sistemas-java/./repos/AutoDispose/autodispose-lifecycle/src/test/java/autodispose2/lifecycle/LifecycleScopesTest.java,autodispose2.lifecycle.LifecycleScopesTest$NegativeComparableInteger,compareTo/1[autodispose2.lifecycle.LifecycleScopesTest.NegativeComparableInteger],value,1
/home/leticiafraga/LAB/qualidade-sistemas-java/./repos/AutoDispose/autodispose-lifecycle/src/test/java/autodispose2/lifecycle/LifecycleScopesTest.java,autodispose2.lifecycle.LifecycleScopesTest$NegativeComparableInteger,NegativeComparableInteger/1[int],value,3
/home/leticiafraga/LAB/qualidade-sistemas-java/./repos/AutoDispose/autodispose-lifecycle/src/test/java/autodispose2/lifecycle/LifecycleScopeProviderCompletableTest.java,autodispose2.lifecycle.LifecycleScopeProviderCompletableTest,autoDispose_withLifecycleProvider_afterLifecycle_shouldFail/0,LOGGER,1
/home/leticiafraga/LAB/qualidade-sistemas-java/./repos/AutoDispose/autodispose-lifecycle/src/test/java/autodispose2/lifecycle/LifecycleScopeProviderCompletableTest.java,autodispose2.lifecycle.LifecycleScopeProviderCompletableTest,autoDispose_withLifecycleProvider_completion/0,LOGGER,1
/home/leticiafraga/LAB/qualidade-sistemas-java/./repos/AutoDispose/autodispose-lifecycle/src/test/java/autodispose2/lifecycle/LifecycleScopeProviderCompletableTest.java,autodispose2.lifecycle.LifecycleScopeProviderCompletableTest,autoDispose_withLifecycleProvider_withoutStartingLifecycle_shouldFail/0,LOGGER,1
/home/leticiafraga/LAB/qualidade-sistemas-java/./repos/AutoDispose/autodispose-lifecycle/src/test/java/autodispose2/lifecycle/LifecycleScopeProviderCompletableTest.java,autodispose2.lifecycle.LifecycleScopeProviderCompletableTest,autoDispose_withLifecycleProvider_interrupted/0,LOGGER,1
/home/leticiafraga/LAB/qualidade-sistemas-java/./repos/AutoDispose/sample/src/main/java/autodispose2/sample/JavaActivity.java,autodispose2.sample.JavaActivity,onStop/0,TAG,1
/home/leticiafraga/LAB/qualidade-sistemas-java/./repos/AutoDispose/sample/src/main/java/autodispose2/sample/JavaActivity.java,autodispose2.sample.JavaActivity,onResume/0,TAG,5
/home/leticiafraga/LAB/qualidade-sistemas-java/./repos/AutoDispose/sample/src/main/java/autodispose2/sample/JavaActivity.java,autodispose2.sample.JavaActivity,onDestroy/0,TAG,1
/home/leticiafraga/LAB/qualidade-sistemas-java/./repos/AutoDispose/sample/src/main/java/autodispose2/sample/JavaActivity.java,autodispose2.sample.JavaActivity,onCreate/1[autodispose2.sample.Bundle],TAG,3
/home/leticiafraga/LAB/qualidade-sistemas-java/./repos/AutoDispose/sample/src/main/java/autodispose2/sample/JavaActivity.java,autodispose2.sample.JavaActivity,onPause/0,TAG,1
/home/leticiafraga/LAB/qualidade-sistemas-java/./repos/AutoDispose/sample/src/main/java/autodispose2/sample/JavaActivity.java,autodispose2.sample.JavaActivity,onStart/0,TAG,3
/home/leticiafraga/LAB/qualidade-sistemas-java/./repos/AutoDispose/autodispose/src/main/java/autodispose2/AutoDisposingCompletableObserverImpl.java,autodispose2.AutoDisposingCompletableObserverImpl,dispose/0,scopeDisposable,1
/home/leticiafraga/LAB/qualidade-sistemas-java/./repos/AutoDispose/autodispose/src/main/java/autodispose2/AutoDisposingCompletableObserverImpl.java,autodispose2.AutoDisposingCompletableObserverImpl,dispose/0,mainDisposable,1
/home/leticiafraga/LAB/qualidade-sistemas-java/./repos/AutoDispose/autodispose/src/main/java/autodispose2/AutoDisposingCompletableObserverImpl.java,autodispose2.AutoDisposingCompletableObserverImpl,onComplete/0,delegate,1
/home/leticiafraga/LAB/qualidade-sistemas-java/./repos/AutoDispose/autodispose/src/main/java/autodispose2/AutoDisposingCompletableObserverImpl.java,autodispose2.AutoDisposingCompletableObserverImpl,onComplete/0,scopeDisposable,1
/home/leticiafraga/LAB/qualidade-sistemas-java/./repos/AutoDispose/autodispose/src/main/java/autodispose2/AutoDisposingCompletableObserverImpl.java,autodispose2.AutoDisposingCompletableObserverImpl,onComplete/0,mainDisposable,1
/home/leticiafraga/LAB/qualidade-sistemas-java/./repos/AutoDispose/autodispose/src/main/java/autodispose2/AutoDisposingCompletableObserverImpl.java,autodispose2.AutoDisposingCompletableObserverImpl,onSubscribe/1[io.reactivex.rxjava3.disposables.Disposable],delegate,1
/home/leticiafraga/LAB/qualidade-sistemas-java/./repos/AutoDispose/autodispose/src/main/java/autodispose2/AutoDisposingCompletableObserverImpl.java,autodispose2.AutoDisposingCompletableObserverImpl,onSubscribe/1[io.reactivex.rxjava3.disposables.Disposable],scope,1
/home/leticiafraga/LAB/qualidade-sistemas-java/./repos/AutoDispose/autodispose/src/main/java/autodispose2/AutoDisposingCompletableObserverImpl.java,autodispose2.AutoDisposingCompletableObserverImpl,onSubscribe/1[io.reactivex.rxjava3.disposables.Disposable],scopeDisposable,1
/home/leticiafraga/LAB/qualidade-sistemas-java/./repos/AutoDispose/autodispose/src/main/java/autodispose2/AutoDisposingCompletableObserverImpl.java,autodispose2.AutoDisposingCompletableObserverImpl,onSubscribe/1[io.reactivex.rxjava3.disposables.Disposable],mainDisposable,1
/home/leticiafraga/LAB/qualidade-sistemas-java/./repos/AutoDispose/autodispose/src/main/java/autodispose2/AutoDisposingCompletableObserverImpl.java,autodispose2.AutoDisposingCompletableObserverImpl,onError/1[java.lang.Throwable],delegate,1
/home/leticiafraga/LAB/qualidade-sistemas-java/./repos/AutoDispose/autodispose/src/main/java/autodispose2/AutoDisposingCompletableObserverImpl.java,autodispose2.AutoDisposingCompletableObserverImpl,onError/1[java.lang.Throwable],scopeDisposable,1
/home/leticiafraga/LAB/qualidade-sistemas-java/./repos/AutoDispose/autodispose/src/main/java/autodispose2/AutoDisposingCompletableObserverImpl.java,autodispose2.AutoDisposingCompletableObserverImpl,onError/1[java.lang.Throwable],mainDisposable,1
/home/leticiafraga/LAB/qualidade-sistemas-java/./repos/AutoDispose/autodispose/src/main/java/autodispose2/AutoDisposingCompletableObserverImpl.java,autodispose2.AutoDisposingCompletableObserverImpl,delegateObserver/0,delegate,1
/home/leticiafraga/LAB/qualidade-sistemas-java/./repos/AutoDispose/autodispose/src/main/java/autodispose2/AutoDisposingCompletableObserverImpl.java,autodispose2.AutoDisposingCompletableObserverImpl,"AutoDisposingCompletableObserverImpl/2[io.reactivex.rxjava3.core.CompletableSource,io.reactivex.rxjava3.core.CompletableObserver]",delegate,3
/home/leticiafraga/LAB/qualidade-sistemas-java/./repos/AutoDispose/autodispose/src/main/java/autodispose2/AutoDisposingCompletableObserverImpl.java,autodispose2.AutoDisposingCompletableObserverImpl,"AutoDisposingCompletableObserverImpl/2[io.reactivex.rxjava3.core.CompletableSource,io.reactivex.rxjava3.core.CompletableObserver]",scope,3
/home/leticiafraga/LAB/qualidade-sistemas-java/./repos/AutoDispose/autodispose/src/main/java/autodispose2/AutoDisposingCompletableObserverImpl.java,autodispose2.AutoDisposingCompletableObserverImpl,isDisposed/0,mainDisposable,1
/home/leticiafraga/LAB/qualidade-sistemas-java/./repos/AutoDispose/android/autodispose-android/src/main/java/autodispose2/android/AutoDisposeAndroidPlugins.java,autodispose2.android.AutoDisposeAndroidPlugins,isLockdown/0,lockdown,1
/home/leticiafraga/LAB/qualidade-sistemas-java/./repos/AutoDispose/android/autodispose-android/src/main/java/autodispose2/android/AutoDisposeAndroidPlugins.java,autodispose2.android.AutoDisposeAndroidPlugins,onCheckMainThread/1[io.reactivex.rxjava3.functions.BooleanSupplier],onCheckMainThread,2
/home/leticiafraga/LAB/qualidade-sistemas-java/./repos/AutoDispose/android/autodispose-android/src/main/java/autodispose2/android/AutoDisposeAndroidPlugins.java,autodispose2.android.AutoDisposeAndroidPlugins,lockdown/0,lockdown,2
/home/leticiafraga/LAB/qualidade-sistemas-java/./repos/AutoDispose/android/autodispose-android/src/main/java/autodispose2/android/AutoDisposeAndroidPlugins.java,autodispose2.android.AutoDisposeAndroidPlugins,setOnCheckMainThread/1[io.reactivex.rxjava3.functions.BooleanSupplier],onCheckMainThread,2
/home/leticiafraga/LAB/qualidade-sistemas-java/./repos/AutoDispose/android/autodispose-android/src/main/java/autodispose2/android/AutoDisposeAndroidPlugins.java,autodispose2.android.AutoDisposeAndroidPlugins,setOnCheckMainThread/1[io.reactivex.rxjava3.functions.BooleanSupplier],lockdown,1
/home/leticiafraga/LAB/qualidade-sistemas-java/./repos/AutoDispose/autodispose-lifecycle/src/test/java/autodispose2/lifecycle/LifecycleScopesTest.java,autodispose2.lifecycle.LifecycleScopesTest$IntHolder,hashCode/0,value,1
/home/leticiafraga/LAB/qualidade-sistemas-java/./repos/AutoDispose/autodispose-lifecycle/src/test/java/autodispose2/lifecycle/LifecycleScopesTest.java,autodispose2.lifecycle.LifecycleScopesTest$IntHolder,IntHolder/1[int],value,3
/home/leticiafraga/LAB/qualidade-sistemas-java/./repos/AutoDispose/autodispose-lifecycle/src/test/java/autodispose2/lifecycle/LifecycleScopesTest.java,autodispose2.lifecycle.LifecycleScopesTest$IntHolder,equals/1[java.lang.Object],value,1
/home/leticiafraga/LAB/qualidade-sistemas-java/./repos/AutoDispose/sample/src/main/java/autodispose2/sample/JavaFragment.java,autodispose2.sample.JavaFragment,"onViewCreated/2[autodispose2.sample.View,autodispose2.sample.Bundle]",TAG,3
/home/leticiafraga/LAB/qualidade-sistemas-java/./repos/AutoDispose/sample/src/main/java/autodispose2/sample/JavaFragment.java,autodispose2.sample.JavaFragment,onCreate/1[autodispose2.sample.Bundle],TAG,3
/home/leticiafraga/LAB/qualidade-sistemas-java/./repos/AutoDispose/sample/src/main/java/autodispose2/sample/JavaFragment.java,autodispose2.sample.JavaFragment,onStop/0,TAG,1
/home/leticiafraga/LAB/qualidade-sistemas-java/./repos/AutoDispose/sample/src/main/java/autodispose2/sample/JavaFragment.java,autodispose2.sample.JavaFragment,"onCreateView/3[autodispose2.sample.LayoutInflater,autodispose2.sample.ViewGroup,autodispose2.sample.Bundle]",TAG,1
/home/leticiafraga/LAB/qualidade-sistemas-java/./repos/AutoDispose/sample/src/main/java/autodispose2/sample/JavaFragment.java,autodispose2.sample.JavaFragment,onDestroyView/0,TAG,1
/home/leticiafraga/LAB/qualidade-sistemas-java/./repos/AutoDispose/sample/src/main/java/autodispose2/sample/JavaFragment.java,autodispose2.sample.JavaFragment,onDestroy/0,TAG,1
/home/leticiafraga/LAB/qualidade-sistemas-java/./repos/AutoDispose/sample/src/main/java/autodispose2/sample/JavaFragment.java,autodispose2.sample.JavaFragment,onResume/0,TAG,5
/home/leticiafraga/LAB/qualidade-sistemas-java/./repos/AutoDispose/sample/src/main/java/autodispose2/sample/JavaFragment.java,autodispose2.sample.JavaFragment,onStart/0,TAG,3
/home/leticiafraga/LAB/qualidade-sistemas-java/./repos/AutoDispose/sample/src/main/java/autodispose2/sample/JavaFragment.java,autodispose2.sample.JavaFragment,onPause/0,TAG,1
/home/leticiafraga/LAB/qualidade-sistemas-java/./repos/AutoDispose/autodispose/src/main/java/autodispose2/AutoDisposingSingleObserverImpl.java,autodispose2.AutoDisposingSingleObserverImpl,isDisposed/0,mainDisposable,1
/home/leticiafraga/LAB/qualidade-sistemas-java/./repos/AutoDispose/autodispose/src/main/java/autodispose2/AutoDisposingSingleObserverImpl.java,autodispose2.AutoDisposingSingleObserverImpl,dispose/0,scopeDisposable,1
/home/leticiafraga/LAB/qualidade-sistemas-java/./repos/AutoDispose/autodispose/src/main/java/autodispose2/AutoDisposingSingleObserverImpl.java,autodispose2.AutoDisposingSingleObserverImpl,dispose/0,mainDisposable,1
/home/leticiafraga/LAB/qualidade-sistemas-java/./repos/AutoDispose/autodispose/src/main/java/autodispose2/AutoDisposingSingleObserverImpl.java,autodispose2.AutoDisposingSingleObserverImpl,onSuccess/1[T],delegate,1
/home/leticiafraga/LAB/qualidade-sistemas-java/./repos/AutoDispose/autodispose/src/main/java/autodispose2/AutoDisposingSingleObserverImpl.java,autodispose2.AutoDisposingSingleObserverImpl,onSuccess/1[T],scopeDisposable,1
/home/leticiafraga/LAB/qualidade-sistemas-java/./repos/AutoDispose/autodispose/src/main/java/autodispose2/AutoDisposingSingleObserverImpl.java,autodispose2.AutoDisposingSingleObserverImpl,onSuccess/1[T],mainDisposable,1
/home/leticiafraga/LAB/qualidade-sistemas-java/./repos/AutoDispose/autodispose/src/main/java/autodispose2/AutoDisposingSingleObserverImpl.java,autodispose2.AutoDisposingSingleObserverImpl,delegateObserver/0,delegate,1
/home/leticiafraga/LAB/qualidade-sistemas-java/./repos/AutoDispose/autodispose/src/main/java/autodispose2/AutoDisposingSingleObserverImpl.java,autodispose2.AutoDisposingSingleObserverImpl,onSubscribe/1[io.reactivex.rxjava3.disposables.Disposable],delegate,1
/home/leticiafraga/LAB/qualidade-sistemas-java/./repos/AutoDispose/autodispose/src/main/java/autodispose2/AutoDisposingSingleObserverImpl.java,autodispose2.AutoDisposingSingleObserverImpl,onSubscribe/1[io.reactivex.rxjava3.disposables.Disposable],scope,1
/home/leticiafraga/LAB/qualidade-sistemas-java/./repos/AutoDispose/autodispose/src/main/java/autodispose2/AutoDisposingSingleObserverImpl.java,autodispose2.AutoDisposingSingleObserverImpl,onSubscribe/1[io.reactivex.rxjava3.disposables.Disposable],scopeDisposable,1
/home/leticiafraga/LAB/qualidade-sistemas-java/./repos/AutoDispose/autodispose/src/main/java/autodispose2/AutoDisposingSingleObserverImpl.java,autodispose2.AutoDisposingSingleObserverImpl,onSubscribe/1[io.reactivex.rxjava3.disposables.Disposable],mainDisposable,1
/home/leticiafraga/LAB/qualidade-sistemas-java/./repos/AutoDispose/autodispose/src/main/java/autodispose2/AutoDisposingSingleObserverImpl.java,autodispose2.AutoDisposingSingleObserverImpl,"AutoDisposingSingleObserverImpl/2[io.reactivex.rxjava3.core.CompletableSource,io.reactivex.rxjava3.core.SingleObserver<? super T>]",delegate,3
/home/leticiafraga/LAB/qualidade-sistemas-java/./repos/AutoDispose/autodispose/src/main/java/autodispose2/AutoDisposingSingleObserverImpl.java,autodispose2.AutoDisposingSingleObserverImpl,"AutoDisposingSingleObserverImpl/2[io.reactivex.rxjava3.core.CompletableSource,io.reactivex.rxjava3.core.SingleObserver<? super T>]",scope,3
/home/leticiafraga/LAB/qualidade-sistemas-java/./repos/AutoDispose/autodispose/src/main/java/autodispose2/AutoDisposingSingleObserverImpl.java,autodispose2.AutoDisposingSingleObserverImpl,onError/1[java.lang.Throwable],delegate,1
/home/leticiafraga/LAB/qualidade-sistemas-java/./repos/AutoDispose/autodispose/src/main/java/autodispose2/AutoDisposingSingleObserverImpl.java,autodispose2.AutoDisposingSingleObserverImpl,onError/1[java.lang.Throwable],scopeDisposable,1
/home/leticiafraga/LAB/qualidade-sistemas-java/./repos/AutoDispose/autodispose/src/main/java/autodispose2/AutoDisposingSingleObserverImpl.java,autodispose2.AutoDisposingSingleObserverImpl,onError/1[java.lang.Throwable],mainDisposable,1
/home/leticiafraga/LAB/qualidade-sistemas-java/./repos/AutoDispose/autodispose-lifecycle/src/main/java/autodispose2/lifecycle/LifecycleScopes.java,autodispose2.lifecycle.LifecycleScopes,"resolveScopeFromLifecycle/2[io.reactivex.rxjava3.core.Observable<E>,E]",COMPARABLE_COMPARATOR,1
/home/leticiafraga/LAB/qualidade-sistemas-java/./repos/AutoDispose/static-analysis/autodispose-error-prone/src/test/resources/autodispose2/errorprone/UseAutoDisposeNegativeCasesLenient.java,autodispose2.errorprone.UseAutoDisposeNegativeCasesLenient,lifecycle/0,lifecycleSubject,1
/home/leticiafraga/LAB/qualidade-sistemas-java/./repos/AutoDispose/static-analysis/autodispose-error-prone/src/test/resources/autodispose2/errorprone/UseAutoDisposeNegativeCasesLenient.java,autodispose2.errorprone.UseAutoDisposeNegativeCasesLenient,peekLifecycle/0,lifecycleSubject,1
/home/leticiafraga/LAB/qualidade-sistemas-java/./repos/AutoDispose/autodispose/src/main/java/autodispose2/AutoDisposeCompletable.java,autodispose2.AutoDisposeCompletable,subscribeActual/1[io.reactivex.rxjava3.core.CompletableObserver],scope,1
/home/leticiafraga/LAB/qualidade-sistemas-java/./repos/AutoDispose/autodispose/src/main/java/autodispose2/AutoDisposeCompletable.java,autodispose2.AutoDisposeCompletable,subscribeActual/1[io.reactivex.rxjava3.core.CompletableObserver],source,1
/home/leticiafraga/LAB/qualidade-sistemas-java/./repos/AutoDispose/autodispose/src/main/java/autodispose2/AutoDisposeCompletable.java,autodispose2.AutoDisposeCompletable,"AutoDisposeCompletable/2[io.reactivex.rxjava3.core.Completable,io.reactivex.rxjava3.core.CompletableSource]",scope,3
/home/leticiafraga/LAB/qualidade-sistemas-java/./repos/AutoDispose/autodispose/src/main/java/autodispose2/AutoDisposeCompletable.java,autodispose2.AutoDisposeCompletable,"AutoDisposeCompletable/2[io.reactivex.rxjava3.core.Completable,io.reactivex.rxjava3.core.CompletableSource]",source,3
/home/leticiafraga/LAB/qualidade-sistemas-java/./repos/AutoDispose/autodispose/src/main/java/autodispose2/AutoDisposeObservable.java,autodispose2.AutoDisposeObservable,subscribeActual/1[io.reactivex.rxjava3.core.Observer<? super T>],scope,1
/home/leticiafraga/LAB/qualidade-sistemas-java/./repos/AutoDispose/autodispose/src/main/java/autodispose2/AutoDisposeObservable.java,autodispose2.AutoDisposeObservable,subscribeActual/1[io.reactivex.rxjava3.core.Observer<? super T>],source,1
/home/leticiafraga/LAB/qualidade-sistemas-java/./repos/AutoDispose/autodispose/src/main/java/autodispose2/AutoDisposeObservable.java,autodispose2.AutoDisposeObservable,"AutoDisposeObservable/2[io.reactivex.rxjava3.core.ObservableSource<T>,io.reactivex.rxjava3.core.CompletableSource]",scope,3
/home/leticiafraga/LAB/qualidade-sistemas-java/./repos/AutoDispose/autodispose/src/main/java/autodispose2/AutoDisposeObservable.java,autodispose2.AutoDisposeObservable,"AutoDisposeObservable/2[io.reactivex.rxjava3.core.ObservableSource<T>,io.reactivex.rxjava3.core.CompletableSource]",source,3
/home/leticiafraga/LAB/qualidade-sistemas-java/./repos/AutoDispose/static-analysis/autodispose-error-prone/src/test/java/autodispose2/errorprone/UseAutoDisposeTest.java,autodispose2.errorprone.UseAutoDisposeTest,test_autodisposePositiveCasesWithCustomClass/0,compilationHelper,1
/home/leticiafraga/LAB/qualidade-sistemas-java/./repos/AutoDispose/static-analysis/autodispose-error-prone/src/test/java/autodispose2/errorprone/UseAutoDisposeTest.java,autodispose2.errorprone.UseAutoDisposeTest,test_autodisposeNegativeCasesLenient/0,compilationHelper,1
/home/leticiafraga/LAB/qualidade-sistemas-java/./repos/AutoDispose/static-analysis/autodispose-error-prone/src/test/java/autodispose2/errorprone/UseAutoDisposeTest.java,autodispose2.errorprone.UseAutoDisposeTest,test_autodisposePositiveCasesWithDefaultClass/0,compilationHelper,1
/home/leticiafraga/LAB/qualidade-sistemas-java/./repos/AutoDispose/static-analysis/autodispose-error-prone/src/test/java/autodispose2/errorprone/UseAutoDisposeTest.java,autodispose2.errorprone.UseAutoDisposeTest,test_autodisposeNegativeCasesWithDefaultClassGivenExclusiveScope/0,compilationHelper,1
/home/leticiafraga/LAB/qualidade-sistemas-java/./repos/AutoDispose/static-analysis/autodispose-error-prone/src/test/java/autodispose2/errorprone/UseAutoDisposeTest.java,autodispose2.errorprone.UseAutoDisposeTest,setup/0,compilationHelper,1
/home/leticiafraga/LAB/qualidade-sistemas-java/./repos/AutoDispose/static-analysis/autodispose-error-prone/src/test/java/autodispose2/errorprone/UseAutoDisposeTest.java,autodispose2.errorprone.UseAutoDisposeTest,test_autodisposeNegativeCases/0,compilationHelper,1
/home/leticiafraga/LAB/qualidade-sistemas-java/./repos/AutoDispose/static-analysis/autodispose-error-prone/src/test/java/autodispose2/errorprone/UseAutoDisposeTest.java,autodispose2.errorprone.UseAutoDisposeTest,test_autodisposePositiveCasesWithDefaultClassGivenCustomTypes/0,compilationHelper,1
/home/leticiafraga/LAB/qualidade-sistemas-java/./repos/AutoDispose/static-analysis/autodispose-error-prone/src/test/java/autodispose2/errorprone/UseAutoDisposeTest.java,autodispose2.errorprone.UseAutoDisposeTest,test_autodisposePositiveCasesWithDefaultClassLenient/0,compilationHelper,1
/home/leticiafraga/LAB/qualidade-sistemas-java/./repos/AutoDispose/android/autodispose-androidx-lifecycle/src/main/java/autodispose2/androidx/lifecycle/AndroidLifecycleScopeProvider.java,autodispose2.androidx.lifecycle.AndroidLifecycleScopeProvider$UntilEventFunction,apply/1[Lifecycle.Event],untilEvent,1
/home/leticiafraga/LAB/qualidade-sistemas-java/./repos/AutoDispose/android/autodispose-androidx-lifecycle/src/main/java/autodispose2/androidx/lifecycle/AndroidLifecycleScopeProvider.java,autodispose2.androidx.lifecycle.AndroidLifecycleScopeProvider$UntilEventFunction,UntilEventFunction/1[Lifecycle.Event],untilEvent,3
/home/leticiafraga/LAB/qualidade-sistemas-java/./repos/AutoDispose/autodispose-lifecycle/src/test/java/autodispose2/lifecycle/LifecycleScopeProviderMaybeTest.java,autodispose2.lifecycle.LifecycleScopeProviderMaybeTest,autoDispose_withLifecycleProvider_afterLifecycle_shouldFail/0,LOGGER,1
/home/leticiafraga/LAB/qualidade-sistemas-java/./repos/AutoDispose/autodispose-lifecycle/src/test/java/autodispose2/lifecycle/LifecycleScopeProviderMaybeTest.java,autodispose2.lifecycle.LifecycleScopeProviderMaybeTest,autoDispose_withLifecycleProvider_completion/0,LOGGER,1
/home/leticiafraga/LAB/qualidade-sistemas-java/./repos/AutoDispose/autodispose-lifecycle/src/test/java/autodispose2/lifecycle/LifecycleScopeProviderMaybeTest.java,autodispose2.lifecycle.LifecycleScopeProviderMaybeTest,autoDispose_withLifecycleProvider_withoutStartingLifecycle_shouldFail/0,LOGGER,1
/home/leticiafraga/LAB/qualidade-sistemas-java/./repos/AutoDispose/autodispose-lifecycle/src/test/java/autodispose2/lifecycle/LifecycleScopeProviderMaybeTest.java,autodispose2.lifecycle.LifecycleScopeProviderMaybeTest,autoDispose_withLifecycleProvider_interrupted/0,LOGGER,1
/home/leticiafraga/LAB/qualidade-sistemas-java/./repos/AutoDispose/autodispose/src/test/java/autodispose2/TestScopeProviderTest.java,autodispose2.TestScopeProviderTest,delegateArg_error/0,o,2
/home/leticiafraga/LAB/qualidade-sistemas-java/./repos/AutoDispose/autodispose/src/test/java/autodispose2/TestScopeProviderTest.java,autodispose2.TestScopeProviderTest,noArgs/0,o,2
/home/leticiafraga/LAB/qualidade-sistemas-java/./repos/AutoDispose/autodispose/src/test/java/autodispose2/TestScopeProviderTest.java,autodispose2.TestScopeProviderTest,delegateArg/0,o,2
/home/leticiafraga/LAB/qualidade-sistemas-java/./repos/AutoDispose/autodispose/src/test/java/autodispose2/TestScopeProviderTest.java,autodispose2.TestScopeProviderTest,delegateArgEmits/0,o,2
/home/leticiafraga/LAB/qualidade-sistemas-java/./repos/AutoDispose/sample/src/main/java/autodispose2/recipes/AutoDisposeFragment.java,autodispose2.recipes.AutoDisposeFragment,onStart/0,lifecycleEvents,1
/home/leticiafraga/LAB/qualidade-sistemas-java/./repos/AutoDispose/sample/src/main/java/autodispose2/recipes/AutoDisposeFragment.java,autodispose2.recipes.AutoDisposeFragment,onDestroyView/0,lifecycleEvents,1
/home/leticiafraga/LAB/qualidade-sistemas-java/./repos/AutoDispose/sample/src/main/java/autodispose2/recipes/AutoDisposeFragment.java,autodispose2.recipes.AutoDisposeFragment,onPause/0,lifecycleEvents,1
/home/leticiafraga/LAB/qualidade-sistemas-java/./repos/AutoDispose/sample/src/main/java/autodispose2/recipes/AutoDisposeFragment.java,autodispose2.recipes.AutoDisposeFragment,onResume/0,lifecycleEvents,1
/home/leticiafraga/LAB/qualidade-sistemas-java/./repos/AutoDispose/sample/src/main/java/autodispose2/recipes/AutoDisposeFragment.java,autodispose2.recipes.AutoDisposeFragment,onCreate/1[autodispose2.recipes.Bundle],lifecycleEvents,1
/home/leticiafraga/LAB/qualidade-sistemas-java/./repos/AutoDispose/sample/src/main/java/autodispose2/recipes/AutoDisposeFragment.java,autodispose2.recipes.AutoDisposeFragment,onDetach/0,lifecycleEvents,1
/home/leticiafraga/LAB/qualidade-sistemas-java/./repos/AutoDispose/sample/src/main/java/autodispose2/recipes/AutoDisposeFragment.java,autodispose2.recipes.AutoDisposeFragment,lifecycle/0,lifecycleEvents,1
/home/leticiafraga/LAB/qualidade-sistemas-java/./repos/AutoDispose/sample/src/main/java/autodispose2/recipes/AutoDisposeFragment.java,autodispose2.recipes.AutoDisposeFragment,"onViewCreated/2[autodispose2.recipes.View,autodispose2.recipes.Bundle]",lifecycleEvents,1
/home/leticiafraga/LAB/qualidade-sistemas-java/./repos/AutoDispose/sample/src/main/java/autodispose2/recipes/AutoDisposeFragment.java,autodispose2.recipes.AutoDisposeFragment,onAttach/1[autodispose2.recipes.Context],lifecycleEvents,1
/home/leticiafraga/LAB/qualidade-sistemas-java/./repos/AutoDispose/sample/src/main/java/autodispose2/recipes/AutoDisposeFragment.java,autodispose2.recipes.AutoDisposeFragment,onDestroy/0,lifecycleEvents,1
/home/leticiafraga/LAB/qualidade-sistemas-java/./repos/AutoDispose/sample/src/main/java/autodispose2/recipes/AutoDisposeFragment.java,autodispose2.recipes.AutoDisposeFragment,peekLifecycle/0,lifecycleEvents,1
/home/leticiafraga/LAB/qualidade-sistemas-java/./repos/AutoDispose/sample/src/main/java/autodispose2/recipes/AutoDisposeFragment.java,autodispose2.recipes.AutoDisposeFragment,onStop/0,lifecycleEvents,1
/home/leticiafraga/LAB/qualidade-sistemas-java/./repos/AutoDispose/sample/src/main/java/autodispose2/recipes/AutoDisposeFragment.java,autodispose2.recipes.AutoDisposeFragment,correspondingEvents/0,CORRESPONDING_EVENTS,1
/home/leticiafraga/LAB/qualidade-sistemas-java/./repos/AutoDispose/autodispose-lifecycle/src/test/java/autodispose2/lifecycle/TestLifecycleScopeProviderTest.java,autodispose2.lifecycle.TestLifecycleScopeProviderTest,stop_beforeStart_shouldThrowException/0,testLifecycleScopeProvider,1
/home/leticiafraga/LAB/qualidade-sistemas-java/./repos/AutoDispose/autodispose-lifecycle/src/test/java/autodispose2/lifecycle/TestLifecycleScopeProviderTest.java,autodispose2.lifecycle.TestLifecycleScopeProviderTest,start_shouldTriggerStartEvent/0,testLifecycleScopeProvider,4
/home/leticiafraga/LAB/qualidade-sistemas-java/./repos/AutoDispose/autodispose-lifecycle/src/test/java/autodispose2/lifecycle/TestLifecycleScopeProviderTest.java,autodispose2.lifecycle.TestLifecycleScopeProviderTest,lifecycleShouldNotExposeUnderlyingDelegate/0,testLifecycleScopeProvider,1
/home/leticiafraga/LAB/qualidade-sistemas-java/./repos/AutoDispose/autodispose-lifecycle/src/test/java/autodispose2/lifecycle/TestLifecycleScopeProviderTest.java,autodispose2.lifecycle.TestLifecycleScopeProviderTest,stop_afterStart_shouldTriggerStopEvent/0,testLifecycleScopeProvider,5
/home/leticiafraga/LAB/qualidade-sistemas-java/./repos/AutoDispose/autodispose-lifecycle/src/test/java/autodispose2/lifecycle/TestLifecycleScopeProviderTest.java,autodispose2.lifecycle.TestLifecycleScopeProviderTest,create_noArgs_shouldHaveNoState/0,testLifecycleScopeProvider,1
/home/leticiafraga/LAB/qualidade-sistemas-java/./repos/AutoDispose/android/autodispose-android/src/main/java/autodispose2/android/internal/AutoDisposeAndroidUtil.java,autodispose2.android.internal.AutoDisposeAndroidUtil,isMainThread/0,MAIN_THREAD_CHECK,1
/home/leticiafraga/LAB/qualidade-sistemas-java/./repos/AutoDispose/autodispose/src/test/java/autodispose2/AutoDisposeCompletableObserverTest.java,autodispose2.AutoDisposeCompletableObserverTest,autoDispose_withProvider_completion/0,LOGGER,1
/home/leticiafraga/LAB/qualidade-sistemas-java/./repos/AutoDispose/autodispose/src/test/java/autodispose2/AutoDisposeCompletableObserverTest.java,autodispose2.AutoDisposeCompletableObserverTest,autoDispose_withMaybe_normal/0,LOGGER,1
/home/leticiafraga/LAB/qualidade-sistemas-java/./repos/AutoDispose/autodispose/src/test/java/autodispose2/AutoDisposeCompletableObserverTest.java,autodispose2.AutoDisposeCompletableObserverTest,autoDispose_withScopeProviderCompleted_shouldNotReportDoubleSubscriptions/0,rule,1
/home/leticiafraga/LAB/qualidade-sistemas-java/./repos/AutoDispose/autodispose/src/test/java/autodispose2/AutoDisposeCompletableObserverTest.java,autodispose2.AutoDisposeCompletableObserverTest,autoDispose_withMaybe_interrupted/0,LOGGER,1
/home/leticiafraga/LAB/qualidade-sistemas-java/./repos/AutoDispose/autodispose/src/test/java/autodispose2/AutoDisposeCompletableObserverTest.java,autodispose2.AutoDisposeCompletableObserverTest,autoDispose_withProvider_interrupted/0,LOGGER,1
/home/leticiafraga/LAB/qualidade-sistemas-java/./repos/AutoDispose/autodispose/src/main/java/autodispose2/ExceptionHelper.java,autodispose2.ExceptionHelper,"addThrowable/2[java.util.concurrent.atomic.AtomicReference<java.lang.Throwable>,java.lang.Throwable]",TERMINATED,1
/home/leticiafraga/LAB/qualidade-sistemas-java/./repos/AutoDispose/autodispose/src/main/java/autodispose2/ExceptionHelper.java,autodispose2.ExceptionHelper,terminate/1[java.util.concurrent.atomic.AtomicReference<java.lang.Throwable>],TERMINATED,2
/home/leticiafraga/LAB/qualidade-sistemas-java/./repos/AutoDispose/sample/src/main/java/autodispose2/recipes/AutoDisposeActivity.java,autodispose2.recipes.AutoDisposeActivity,onCreate/1[autodispose2.recipes.Bundle],lifecycleEvents,1
/home/leticiafraga/LAB/qualidade-sistemas-java/./repos/AutoDispose/sample/src/main/java/autodispose2/recipes/AutoDisposeActivity.java,autodispose2.recipes.AutoDisposeActivity,correspondingEvents/0,CORRESPONDING_EVENTS,1
/home/leticiafraga/LAB/qualidade-sistemas-java/./repos/AutoDispose/sample/src/main/java/autodispose2/recipes/AutoDisposeActivity.java,autodispose2.recipes.AutoDisposeActivity,lifecycle/0,lifecycleEvents,1
/home/leticiafraga/LAB/qualidade-sistemas-java/./repos/AutoDispose/sample/src/main/java/autodispose2/recipes/AutoDisposeActivity.java,autodispose2.recipes.AutoDisposeActivity,onPause/0,lifecycleEvents,1
/home/leticiafraga/LAB/qualidade-sistemas-java/./repos/AutoDispose/sample/src/main/java/autodispose2/recipes/AutoDisposeActivity.java,autodispose2.recipes.AutoDisposeActivity,peekLifecycle/0,lifecycleEvents,1
/home/leticiafraga/LAB/qualidade-sistemas-java/./repos/AutoDispose/sample/src/main/java/autodispose2/recipes/AutoDisposeActivity.java,autodispose2.recipes.AutoDisposeActivity,onDestroy/0,lifecycleEvents,1
/home/leticiafraga/LAB/qualidade-sistemas-java/./repos/AutoDispose/sample/src/main/java/autodispose2/recipes/AutoDisposeActivity.java,autodispose2.recipes.AutoDisposeActivity,onStop/0,lifecycleEvents,1
/home/leticiafraga/LAB/qualidade-sistemas-java/./repos/AutoDispose/sample/src/main/java/autodispose2/recipes/AutoDisposeActivity.java,autodispose2.recipes.AutoDisposeActivity,onResume/0,lifecycleEvents,1
/home/leticiafraga/LAB/qualidade-sistemas-java/./repos/AutoDispose/sample/src/main/java/autodispose2/recipes/AutoDisposeActivity.java,autodispose2.recipes.AutoDisposeActivity,onStart/0,lifecycleEvents,1
/home/leticiafraga/LAB/qualidade-sistemas-java/./repos/AutoDispose/android/autodispose-androidx-lifecycle/src/main/java/autodispose2/androidx/lifecycle/LifecycleEventsObservable.java,autodispose2.androidx.lifecycle.LifecycleEventsObservable$AutoDisposeLifecycleObserver,"onStateChange/2[autodispose2.androidx.lifecycle.LifecycleOwner,autodispose2.androidx.lifecycle.Event]",observer,1
/home/leticiafraga/LAB/qualidade-sistemas-java/./repos/AutoDispose/android/autodispose-androidx-lifecycle/src/main/java/autodispose2/androidx/lifecycle/LifecycleEventsObservable.java,autodispose2.androidx.lifecycle.LifecycleEventsObservable$AutoDisposeLifecycleObserver,"onStateChange/2[autodispose2.androidx.lifecycle.LifecycleOwner,autodispose2.androidx.lifecycle.Event]",eventsObservable,2
/home/leticiafraga/LAB/qualidade-sistemas-java/./repos/AutoDispose/android/autodispose-androidx-lifecycle/src/main/java/autodispose2/androidx/lifecycle/LifecycleEventsObservable.java,autodispose2.androidx.lifecycle.LifecycleEventsObservable$AutoDisposeLifecycleObserver,"AutoDisposeLifecycleObserver/3[autodispose2.androidx.lifecycle.Lifecycle,io.reactivex.rxjava3.core.Observer<? super autodispose2.androidx.lifecycle.Event>,io.reactivex.rxjava3.subjects.BehaviorSubject<autodispose2.androidx.lifecycle.Event>]",lifecycle,3
/home/leticiafraga/LAB/qualidade-sistemas-java/./repos/AutoDispose/android/autodispose-androidx-lifecycle/src/main/java/autodispose2/androidx/lifecycle/LifecycleEventsObservable.java,autodispose2.androidx.lifecycle.LifecycleEventsObservable$AutoDisposeLifecycleObserver,"AutoDisposeLifecycleObserver/3[autodispose2.androidx.lifecycle.Lifecycle,io.reactivex.rxjava3.core.Observer<? super autodispose2.androidx.lifecycle.Event>,io.reactivex.rxjava3.subjects.BehaviorSubject<autodispose2.androidx.lifecycle.Event>]",observer,3
/home/leticiafraga/LAB/qualidade-sistemas-java/./repos/AutoDispose/android/autodispose-androidx-lifecycle/src/main/java/autodispose2/androidx/lifecycle/LifecycleEventsObservable.java,autodispose2.androidx.lifecycle.LifecycleEventsObservable$AutoDisposeLifecycleObserver,"AutoDisposeLifecycleObserver/3[autodispose2.androidx.lifecycle.Lifecycle,io.reactivex.rxjava3.core.Observer<? super autodispose2.androidx.lifecycle.Event>,io.reactivex.rxjava3.subjects.BehaviorSubject<autodispose2.androidx.lifecycle.Event>]",eventsObservable,3
/home/leticiafraga/LAB/qualidade-sistemas-java/./repos/AutoDispose/android/autodispose-androidx-lifecycle/src/main/java/autodispose2/androidx/lifecycle/LifecycleEventsObservable.java,autodispose2.androidx.lifecycle.LifecycleEventsObservable$AutoDisposeLifecycleObserver,onDispose/0,lifecycle,1
/home/leticiafraga/LAB/qualidade-sistemas-java/./repos/AutoDispose/autodispose/src/main/java/autodispose2/AutoDisposingObserverImpl.java,autodispose2.AutoDisposingObserverImpl,onError/1[java.lang.Throwable],delegate,1
/home/leticiafraga/LAB/qualidade-sistemas-java/./repos/AutoDispose/autodispose/src/main/java/autodispose2/AutoDisposingObserverImpl.java,autodispose2.AutoDisposingObserverImpl,onError/1[java.lang.Throwable],error,1
/home/leticiafraga/LAB/qualidade-sistemas-java/./repos/AutoDispose/autodispose/src/main/java/autodispose2/AutoDisposingObserverImpl.java,autodispose2.AutoDisposingObserverImpl,onError/1[java.lang.Throwable],scopeDisposable,1
/home/leticiafraga/LAB/qualidade-sistemas-java/./repos/AutoDispose/autodispose/src/main/java/autodispose2/AutoDisposingObserverImpl.java,autodispose2.AutoDisposingObserverImpl,onError/1[java.lang.Throwable],mainDisposable,1
/home/leticiafraga/LAB/qualidade-sistemas-java/./repos/AutoDispose/autodispose/src/main/java/autodispose2/AutoDisposingObserverImpl.java,autodispose2.AutoDisposingObserverImpl,onSubscribe/1[io.reactivex.rxjava3.disposables.Disposable],delegate,1
/home/leticiafraga/LAB/qualidade-sistemas-java/./repos/AutoDispose/autodispose/src/main/java/autodispose2/AutoDisposingObserverImpl.java,autodispose2.AutoDisposingObserverImpl,onSubscribe/1[io.reactivex.rxjava3.disposables.Disposable],scope,1
/home/leticiafraga/LAB/qualidade-sistemas-java/./repos/AutoDispose/autodispose/src/main/java/autodispose2/AutoDisposingObserverImpl.java,autodispose2.AutoDisposingObserverImpl,onSubscribe/1[io.reactivex.rxjava3.disposables.Disposable],scopeDisposable,1
/home/leticiafraga/LAB/qualidade-sistemas-java/./repos/AutoDispose/autodispose/src/main/java/autodispose2/AutoDisposingObserverImpl.java,autodispose2.AutoDisposingObserverImpl,onSubscribe/1[io.reactivex.rxjava3.disposables.Disposable],mainDisposable,1
/home/leticiafraga/LAB/qualidade-sistemas-java/./repos/AutoDispose/autodispose/src/main/java/autodispose2/AutoDisposingObserverImpl.java,autodispose2.AutoDisposingObserverImpl,isDisposed/0,mainDisposable,1
/home/leticiafraga/LAB/qualidade-sistemas-java/./repos/AutoDispose/autodispose/src/main/java/autodispose2/AutoDisposingObserverImpl.java,autodispose2.AutoDisposingObserverImpl,"AutoDisposingObserverImpl/2[io.reactivex.rxjava3.core.CompletableSource,io.reactivex.rxjava3.core.Observer<? super T>]",delegate,3
/home/leticiafraga/LAB/qualidade-sistemas-java/./repos/AutoDispose/autodispose/src/main/java/autodispose2/AutoDisposingObserverImpl.java,autodispose2.AutoDisposingObserverImpl,"AutoDisposingObserverImpl/2[io.reactivex.rxjava3.core.CompletableSource,io.reactivex.rxjava3.core.Observer<? super T>]",scope,3
/home/leticiafraga/LAB/qualidade-sistemas-java/./repos/AutoDispose/autodispose/src/main/java/autodispose2/AutoDisposingObserverImpl.java,autodispose2.AutoDisposingObserverImpl,delegateObserver/0,delegate,1
/home/leticiafraga/LAB/qualidade-sistemas-java/./repos/AutoDispose/autodispose/src/main/java/autodispose2/AutoDisposingObserverImpl.java,autodispose2.AutoDisposingObserverImpl,onNext/1[T],delegate,1
/home/leticiafraga/LAB/qualidade-sistemas-java/./repos/AutoDispose/autodispose/src/main/java/autodispose2/AutoDisposingObserverImpl.java,autodispose2.AutoDisposingObserverImpl,onNext/1[T],error,1
/home/leticiafraga/LAB/qualidade-sistemas-java/./repos/AutoDispose/autodispose/src/main/java/autodispose2/AutoDisposingObserverImpl.java,autodispose2.AutoDisposingObserverImpl,onNext/1[T],scopeDisposable,1
/home/leticiafraga/LAB/qualidade-sistemas-java/./repos/AutoDispose/autodispose/src/main/java/autodispose2/AutoDisposingObserverImpl.java,autodispose2.AutoDisposingObserverImpl,onNext/1[T],mainDisposable,1
/home/leticiafraga/LAB/qualidade-sistemas-java/./repos/AutoDispose/autodispose/src/main/java/autodispose2/AutoDisposingObserverImpl.java,autodispose2.AutoDisposingObserverImpl,onComplete/0,delegate,1
/home/leticiafraga/LAB/qualidade-sistemas-java/./repos/AutoDispose/autodispose/src/main/java/autodispose2/AutoDisposingObserverImpl.java,autodispose2.AutoDisposingObserverImpl,onComplete/0,error,1
/home/leticiafraga/LAB/qualidade-sistemas-java/./repos/AutoDispose/autodispose/src/main/java/autodispose2/AutoDisposingObserverImpl.java,autodispose2.AutoDisposingObserverImpl,onComplete/0,scopeDisposable,1
/home/leticiafraga/LAB/qualidade-sistemas-java/./repos/AutoDispose/autodispose/src/main/java/autodispose2/AutoDisposingObserverImpl.java,autodispose2.AutoDisposingObserverImpl,onComplete/0,mainDisposable,1
/home/leticiafraga/LAB/qualidade-sistemas-java/./repos/AutoDispose/autodispose/src/main/java/autodispose2/AutoDisposingObserverImpl.java,autodispose2.AutoDisposingObserverImpl,dispose/0,scopeDisposable,1
/home/leticiafraga/LAB/qualidade-sistemas-java/./repos/AutoDispose/autodispose/src/main/java/autodispose2/AutoDisposingObserverImpl.java,autodispose2.AutoDisposingObserverImpl,dispose/0,mainDisposable,1
/home/leticiafraga/LAB/qualidade-sistemas-java/./repos/AutoDispose/autodispose/src/main/java/autodispose2/AutoDisposableHelper.java,autodispose2.AutoDisposableHelper,dispose/1[java.util.concurrent.atomic.AtomicReference<io.reactivex.rxjava3.disposables.Disposable>],DISPOSED,1
/home/leticiafraga/LAB/qualidade-sistemas-java/./repos/AutoDispose/autodispose-lifecycle/src/test/java/autodispose2/lifecycle/LifecycleScopeProviderObservableTest.java,autodispose2.lifecycle.LifecycleScopeProviderObservableTest,autoDispose_withLifecycleProvider/0,LOGGER,1
/home/leticiafraga/LAB/qualidade-sistemas-java/./repos/AutoDispose/autodispose-lifecycle/src/test/java/autodispose2/lifecycle/LifecycleScopeProviderObservableTest.java,autodispose2.lifecycle.LifecycleScopeProviderObservableTest,autoDispose_withProvider_withoutStartingLifecycle_shouldFail/0,LOGGER,1
/home/leticiafraga/LAB/qualidade-sistemas-java/./repos/AutoDispose/autodispose-lifecycle/src/test/java/autodispose2/lifecycle/LifecycleScopeProviderObservableTest.java,autodispose2.lifecycle.LifecycleScopeProviderObservableTest,autoDispose_withProvider_afterLifecycle_shouldFail/0,LOGGER,1
/home/leticiafraga/LAB/qualidade-sistemas-java/./repos/AutoDispose/test-utils/src/main/java/autodispose2/test/RecordingObserver.java,autodispose2.test.RecordingObserver$OnNext,toString/0,value,1
/home/leticiafraga/LAB/qualidade-sistemas-java/./repos/AutoDispose/test-utils/src/main/java/autodispose2/test/RecordingObserver.java,autodispose2.test.RecordingObserver$OnNext,OnNext/1[T],value,3
/home/leticiafraga/LAB/qualidade-sistemas-java/./repos/AutoDispose/android/autodispose-android/src/main/java/autodispose2/android/DetachEventCompletable.java,autodispose2.android.DetachEventCompletable,DetachEventCompletable/1[autodispose2.android.View],view,3
/home/leticiafraga/LAB/qualidade-sistemas-java/./repos/AutoDispose/android/autodispose-android/src/main/java/autodispose2/android/DetachEventCompletable.java,autodispose2.android.DetachEventCompletable,subscribe/1[io.reactivex.rxjava3.core.CompletableObserver],view,5
/home/leticiafraga/LAB/qualidade-sistemas-java/./repos/AutoDispose/autodispose/src/test/java/autodispose2/AutoDisposeParallelFlowableTest.java,autodispose2.AutoDisposeParallelFlowableTest,unbound_shouldStillPassValues/0,DEFAULT_PARALLELISM,1
/home/leticiafraga/LAB/qualidade-sistemas-java/./repos/AutoDispose/autodispose/src/test/java/autodispose2/AutoDisposeParallelFlowableTest.java,autodispose2.AutoDisposeParallelFlowableTest,autoDispose_withMaybe_interrupted/0,DEFAULT_PARALLELISM,1
/home/leticiafraga/LAB/qualidade-sistemas-java/./repos/AutoDispose/autodispose/src/test/java/autodispose2/AutoDisposeParallelFlowableTest.java,autodispose2.AutoDisposeParallelFlowableTest,autoDispose_withScopeProviderCompleted_shouldNotReportDoubleSubscriptions/0,DEFAULT_PARALLELISM,1
/home/leticiafraga/LAB/qualidade-sistemas-java/./repos/AutoDispose/autodispose/src/test/java/autodispose2/AutoDisposeParallelFlowableTest.java,autodispose2.AutoDisposeParallelFlowableTest,autoDispose_withScopeProviderCompleted_shouldNotReportDoubleSubscriptions/0,rule,1
/home/leticiafraga/LAB/qualidade-sistemas-java/./repos/AutoDispose/autodispose/src/test/java/autodispose2/AutoDisposeParallelFlowableTest.java,autodispose2.AutoDisposeParallelFlowableTest,autoDispose_withMaybe_normal/0,DEFAULT_PARALLELISM,1
/home/leticiafraga/LAB/qualidade-sistemas-java/./repos/AutoDispose/autodispose/src/test/java/autodispose2/AutoDisposeParallelFlowableTest.java,autodispose2.AutoDisposeParallelFlowableTest,autoDispose_withProvider/0,DEFAULT_PARALLELISM,1
/home/leticiafraga/LAB/qualidade-sistemas-java/./repos/AutoDispose/autodispose/src/test/java/autodispose2/AutoDisposeParallelFlowableTest.java,autodispose2.AutoDisposeParallelFlowableTest,ifParallelism_and_subscribersCount_dontMatch_shouldFail/0,DEFAULT_PARALLELISM,1
/home/leticiafraga/LAB/qualidade-sistemas-java/./repos/AutoDispose/test-utils/src/main/java/autodispose2/test/RecordingObserver.java,autodispose2.test.RecordingObserver$OnError,toString/0,throwable,1
/home/leticiafraga/LAB/qualidade-sistemas-java/./repos/AutoDispose/test-utils/src/main/java/autodispose2/test/RecordingObserver.java,autodispose2.test.RecordingObserver$OnError,OnError/1[java.lang.Throwable],throwable,3
/home/leticiafraga/LAB/qualidade-sistemas-java/./repos/AutoDispose/autodispose-lifecycle/src/main/java/autodispose2/lifecycle/TestLifecycleScopeProvider.java,autodispose2.lifecycle.TestLifecycleScopeProvider,peekLifecycle/0,lifecycleSubject,1
/home/leticiafraga/LAB/qualidade-sistemas-java/./repos/AutoDispose/autodispose-lifecycle/src/main/java/autodispose2/lifecycle/TestLifecycleScopeProvider.java,autodispose2.lifecycle.TestLifecycleScopeProvider,stop/0,lifecycleSubject,2
/home/leticiafraga/LAB/qualidade-sistemas-java/./repos/AutoDispose/autodispose-lifecycle/src/main/java/autodispose2/lifecycle/TestLifecycleScopeProvider.java,autodispose2.lifecycle.TestLifecycleScopeProvider,lifecycle/0,lifecycleSubject,1
/home/leticiafraga/LAB/qualidade-sistemas-java/./repos/AutoDispose/autodispose-lifecycle/src/main/java/autodispose2/lifecycle/TestLifecycleScopeProvider.java,autodispose2.lifecycle.TestLifecycleScopeProvider,TestLifecycleScopeProvider/1[autodispose2.lifecycle.TestLifecycleScopeProvider.TestLifecycle],lifecycleSubject,2
/home/leticiafraga/LAB/qualidade-sistemas-java/./repos/AutoDispose/autodispose-lifecycle/src/main/java/autodispose2/lifecycle/TestLifecycleScopeProvider.java,autodispose2.lifecycle.TestLifecycleScopeProvider,start/0,lifecycleSubject,1
/home/leticiafraga/LAB/qualidade-sistemas-java/./repos/AutoDispose/test-utils/src/main/java/autodispose2/test/RecordingObserver.java,autodispose2.test.RecordingObserver,RecordingObserver/1[autodispose2.test.RecordingObserver.Logger],logger,3
/home/leticiafraga/LAB/qualidade-sistemas-java/./repos/AutoDispose/test-utils/src/main/java/autodispose2/test/RecordingObserver.java,autodispose2.test.RecordingObserver,onSubscribe/1[io.reactivex.rxjava3.disposables.Disposable],logger,1
/home/leticiafraga/LAB/qualidade-sistemas-java/./repos/AutoDispose/test-utils/src/main/java/autodispose2/test/RecordingObserver.java,autodispose2.test.RecordingObserver,onSubscribe/1[io.reactivex.rxjava3.disposables.Disposable],events,1
/home/leticiafraga/LAB/qualidade-sistemas-java/./repos/AutoDispose/test-utils/src/main/java/autodispose2/test/RecordingObserver.java,autodispose2.test.RecordingObserver,onNext/1[T],logger,1
/home/leticiafraga/LAB/qualidade-sistemas-java/./repos/AutoDispose/test-utils/src/main/java/autodispose2/test/RecordingObserver.java,autodispose2.test.RecordingObserver,onNext/1[T],events,1
/home/leticiafraga/LAB/qualidade-sistemas-java/./repos/AutoDispose/test-utils/src/main/java/autodispose2/test/RecordingObserver.java,autodispose2.test.RecordingObserver,hasNextEvent/0,events,1
/home/leticiafraga/LAB/qualidade-sistemas-java/./repos/AutoDispose/test-utils/src/main/java/autodispose2/test/RecordingObserver.java,autodispose2.test.RecordingObserver,onError/1[java.lang.Throwable],logger,1
/home/leticiafraga/LAB/qualidade-sistemas-java/./repos/AutoDispose/test-utils/src/main/java/autodispose2/test/RecordingObserver.java,autodispose2.test.RecordingObserver,onError/1[java.lang.Throwable],events,1
/home/leticiafraga/LAB/qualidade-sistemas-java/./repos/AutoDispose/test-utils/src/main/java/autodispose2/test/RecordingObserver.java,autodispose2.test.RecordingObserver,onSuccess/1[T],logger,1
/home/leticiafraga/LAB/qualidade-sistemas-java/./repos/AutoDispose/test-utils/src/main/java/autodispose2/test/RecordingObserver.java,autodispose2.test.RecordingObserver,onSuccess/1[T],events,1
/home/leticiafraga/LAB/qualidade-sistemas-java/./repos/AutoDispose/test-utils/src/main/java/autodispose2/test/RecordingObserver.java,autodispose2.test.RecordingObserver,onComplete/0,logger,1
/home/leticiafraga/LAB/qualidade-sistemas-java/./repos/AutoDispose/test-utils/src/main/java/autodispose2/test/RecordingObserver.java,autodispose2.test.RecordingObserver,onComplete/0,events,1
/home/leticiafraga/LAB/qualidade-sistemas-java/./repos/AutoDispose/test-utils/src/main/java/autodispose2/test/RecordingObserver.java,autodispose2.test.RecordingObserver,takeEvent/1[java.lang.Class<E>],events,1
/home/leticiafraga/LAB/qualidade-sistemas-java/./repos/AutoDispose/static-analysis/autodispose-error-prone/src/main/java/autodispose2/errorprone/UseAutoDispose.java,autodispose2.errorprone.UseAutoDispose,UseAutoDispose/1[autodispose2.errorprone.ErrorProneFlags],SUBSCRIBE_METHOD,1
/home/leticiafraga/LAB/qualidade-sistemas-java/./repos/AutoDispose/static-analysis/autodispose-error-prone/src/main/java/autodispose2/errorprone/UseAutoDispose.java,autodispose2.errorprone.UseAutoDispose,UseAutoDispose/1[autodispose2.errorprone.ErrorProneFlags],matcher,2
/home/leticiafraga/LAB/qualidade-sistemas-java/./repos/AutoDispose/static-analysis/autodispose-error-prone/src/main/java/autodispose2/errorprone/UseAutoDispose.java,autodispose2.errorprone.UseAutoDispose,UseAutoDispose/1[autodispose2.errorprone.ErrorProneFlags],lenient,1
/home/leticiafraga/LAB/qualidade-sistemas-java/./repos/AutoDispose/static-analysis/autodispose-error-prone/src/main/java/autodispose2/errorprone/UseAutoDispose.java,autodispose2.errorprone.UseAutoDispose,"capturedTypeAllowed/2[autodispose2.errorprone.Type,autodispose2.errorprone.VisitorState]",subscriptionTypeSupplier,1
/home/leticiafraga/LAB/qualidade-sistemas-java/./repos/AutoDispose/static-analysis/autodispose-error-prone/src/main/java/autodispose2/errorprone/UseAutoDispose.java,autodispose2.errorprone.UseAutoDispose,"capturedTypeAllowed/2[autodispose2.errorprone.Type,autodispose2.errorprone.VisitorState]",disposableTypeSupplier,1
/home/leticiafraga/LAB/qualidade-sistemas-java/./repos/AutoDispose/static-analysis/autodispose-error-prone/src/main/java/autodispose2/errorprone/UseAutoDispose.java,autodispose2.errorprone.UseAutoDispose,specializedMatcher/0,matcher,1
/home/leticiafraga/LAB/qualidade-sistemas-java/./repos/AutoDispose/static-analysis/autodispose-error-prone/src/main/java/autodispose2/errorprone/UseAutoDispose.java,autodispose2.errorprone.UseAutoDispose,lenient/0,lenient,2
/home/leticiafraga/LAB/qualidade-sistemas-java/./repos/AutoDispose/static-analysis/autodispose-error-prone/src/main/java/autodispose2/errorprone/UseAutoDispose.java,autodispose2.errorprone.UseAutoDispose,matcher/1[java.util.Set<java.lang.String>],matcher,1
/home/leticiafraga/LAB/qualidade-sistemas-java/./repos/AutoDispose/static-analysis/autodispose-error-prone/src/main/java/autodispose2/errorprone/UseAutoDispose.java,autodispose2.errorprone.UseAutoDispose,"getClassesWithScope/2[java.util.Optional<autodispose2.errorprone.ImmutableSet<java.lang.String>>,java.util.Optional<java.lang.Boolean>]",DEFAULT_CLASSES_WITH_LIFECYCLE,2
/home/leticiafraga/LAB/qualidade-sistemas-java/./repos/AutoDispose/test-utils/src/main/java/autodispose2/test/RecordingObserver.java,autodispose2.test.RecordingObserver$OnSuccess,OnSuccess/1[T],value,3
/home/leticiafraga/LAB/qualidade-sistemas-java/./repos/AutoDispose/test-utils/src/main/java/autodispose2/test/RecordingObserver.java,autodispose2.test.RecordingObserver$OnSuccess,toString/0,value,1
/home/leticiafraga/LAB/qualidade-sistemas-java/./repos/AutoDispose/autodispose/src/main/java/autodispose2/AutoDisposePlugins.java,autodispose2.AutoDisposePlugins,setHideProxies/1[boolean],hideProxies,2
/home/leticiafraga/LAB/qualidade-sistemas-java/./repos/AutoDispose/autodispose/src/main/java/autodispose2/AutoDisposePlugins.java,autodispose2.AutoDisposePlugins,setHideProxies/1[boolean],lockdown,1
/home/leticiafraga/LAB/qualidade-sistemas-java/./repos/AutoDispose/autodispose/src/main/java/autodispose2/AutoDisposePlugins.java,autodispose2.AutoDisposePlugins,setFillInOutsideScopeExceptionStacktraces/1[boolean],lockdown,1
/home/leticiafraga/LAB/qualidade-sistemas-java/./repos/AutoDispose/autodispose/src/main/java/autodispose2/AutoDisposePlugins.java,autodispose2.AutoDisposePlugins,setFillInOutsideScopeExceptionStacktraces/1[boolean],fillInOutsideScopeExceptionStacktraces,1
/home/leticiafraga/LAB/qualidade-sistemas-java/./repos/AutoDispose/autodispose/src/main/java/autodispose2/AutoDisposePlugins.java,autodispose2.AutoDisposePlugins,lockdown/0,lockdown,2
/home/leticiafraga/LAB/qualidade-sistemas-java/./repos/AutoDispose/autodispose/src/main/java/autodispose2/AutoDisposePlugins.java,autodispose2.AutoDisposePlugins,isLockdown/0,lockdown,1
/home/leticiafraga/LAB/qualidade-sistemas-java/./repos/AutoDispose/autodispose/src/main/java/autodispose2/AutoDisposePlugins.java,autodispose2.AutoDisposePlugins,getFillInOutsideScopeExceptionStacktraces/0,fillInOutsideScopeExceptionStacktraces,1
/home/leticiafraga/LAB/qualidade-sistemas-java/./repos/AutoDispose/autodispose/src/main/java/autodispose2/AutoDisposePlugins.java,autodispose2.AutoDisposePlugins,getOutsideScopeHandler/0,outsideScopeHandler,1
/home/leticiafraga/LAB/qualidade-sistemas-java/./repos/AutoDispose/autodispose/src/main/java/autodispose2/AutoDisposePlugins.java,autodispose2.AutoDisposePlugins,getHideProxies/0,hideProxies,1
/home/leticiafraga/LAB/qualidade-sistemas-java/./repos/AutoDispose/autodispose/src/main/java/autodispose2/AutoDisposePlugins.java,autodispose2.AutoDisposePlugins,setOutsideScopeHandler/1[io.reactivex.rxjava3.functions.Consumer<? super autodispose2.OutsideScopeException>],outsideScopeHandler,1
/home/leticiafraga/LAB/qualidade-sistemas-java/./repos/AutoDispose/autodispose/src/main/java/autodispose2/AutoDisposePlugins.java,autodispose2.AutoDisposePlugins,setOutsideScopeHandler/1[io.reactivex.rxjava3.functions.Consumer<? super autodispose2.OutsideScopeException>],lockdown,1
