file,class,method,constructor,line,cbo,cboModified,fanin,fanout,wmc,rfc,loc,returnsQty,variablesQty,parametersQty,methodsInvokedQty,methodsInvokedLocalQty,methodsInvokedIndirectLocalQty,loopQty,comparisonsQty,tryCatchQty,parenthesizedExpsQty,stringLiteralsQty,numbersQty,assignmentsQty,mathOperationsQty,maxNestedBlocksQty,anonymousClassesQty,innerClassesQty,lambdasQty,uniqueWordsQty,modifiers,logStatementsQty,hasJavaDoc
/home/leticiafraga/LAB/qualidade-sistemas-java/./repos/chatgpt-java/src/main/java/com/plexpt/chatgpt/util/fastjson/TypeUtils.java,com.plexpt.chatgpt.util.fastjson.TypeUtils,castToString/1[java.lang.Object],false,17,0,1,1,0,2,1,6,2,0,1,1,0,0,0,1,0,0,0,0,0,0,1,0,0,0,6,9,0,false
/home/leticiafraga/LAB/qualidade-sistemas-java/./repos/chatgpt-java/src/main/java/com/plexpt/chatgpt/util/fastjson/TypeUtils.java,com.plexpt.chatgpt.util.fastjson.TypeUtils,isNumber/1[java.lang.String],false,308,0,0,0,0,7,2,14,3,2,1,2,0,0,1,3,0,0,0,2,2,0,3,0,0,0,7,9,0,false
/home/leticiafraga/LAB/qualidade-sistemas-java/./repos/chatgpt-java/src/main/java/com/plexpt/chatgpt/util/fastjson/TypeUtils.java,com.plexpt.chatgpt.util.fastjson.TypeUtils,longValue/1[java.math.BigDecimal],false,411,0,1,1,0,4,3,10,3,1,1,3,0,0,0,1,0,0,0,3,1,0,1,0,0,0,7,9,0,false
/home/leticiafraga/LAB/qualidade-sistemas-java/./repos/chatgpt-java/src/main/java/com/plexpt/chatgpt/util/fastjson/TypeUtils.java,com.plexpt.chatgpt.util.fastjson.TypeUtils,castToChar/1[java.lang.Object],false,54,1,1,0,1,6,2,19,4,1,1,2,0,0,0,3,0,0,2,3,1,2,2,0,0,0,13,9,0,false
/home/leticiafraga/LAB/qualidade-sistemas-java/./repos/chatgpt-java/src/main/java/com/plexpt/chatgpt/util/fastjson/TypeUtils.java,com.plexpt.chatgpt.util.fastjson.TypeUtils,"num/4[char,char,char,char]",false,255,0,0,0,0,9,0,6,2,0,4,0,0,0,0,0,0,4,0,4,0,10,1,0,0,0,5,8,0,false
/home/leticiafraga/LAB/qualidade-sistemas-java/./repos/chatgpt-java/src/main/java/com/plexpt/chatgpt/util/fastjson/TypeUtils.java,com.plexpt.chatgpt.util.fastjson.TypeUtils,castToLong/1[java.lang.Object],false,322,2,8,5,3,16,14,39,7,4,1,14,2,1,0,4,1,2,7,5,5,1,2,0,0,0,28,9,0,false
/home/leticiafraga/LAB/qualidade-sistemas-java/./repos/chatgpt-java/src/main/java/com/plexpt/chatgpt/util/fastjson/TypeUtils.java,com.plexpt.chatgpt.util.fastjson.TypeUtils,shortValue/1[java.math.BigDecimal],false,385,0,1,1,0,4,3,10,3,1,1,3,0,0,0,1,0,0,0,3,1,0,1,0,0,0,7,9,0,false
/home/leticiafraga/LAB/qualidade-sistemas-java/./repos/chatgpt-java/src/main/java/com/plexpt/chatgpt/util/fastjson/TypeUtils.java,com.plexpt.chatgpt.util.fastjson.TypeUtils,castToFloat/1[java.lang.Object],false,178,1,5,4,1,10,8,22,5,1,1,8,0,0,0,3,0,2,5,4,2,1,2,0,0,0,17,9,0,false
/home/leticiafraga/LAB/qualidade-sistemas-java/./repos/chatgpt-java/src/main/java/com/plexpt/chatgpt/util/fastjson/TypeUtils.java,com.plexpt.chatgpt.util.fastjson.TypeUtils,longExtractValue/1[java.lang.Number],false,233,0,0,0,0,2,2,6,2,0,1,2,0,0,0,0,0,1,0,0,0,0,1,0,0,0,7,9,0,false
/home/leticiafraga/LAB/qualidade-sistemas-java/./repos/chatgpt-java/src/main/java/com/plexpt/chatgpt/util/fastjson/TypeUtils.java,com.plexpt.chatgpt.util.fastjson.TypeUtils,"num/9[char,char,char,char,char,char,char,char,char]",false,274,0,0,0,0,19,0,6,2,0,9,0,0,0,0,0,0,9,0,9,0,25,1,0,0,0,10,8,0,false
/home/leticiafraga/LAB/qualidade-sistemas-java/./repos/chatgpt-java/src/main/java/com/plexpt/chatgpt/util/fastjson/TypeUtils.java,com.plexpt.chatgpt.util.fastjson.TypeUtils,castToBoolean/1[java.lang.Object],false,477,2,6,4,2,17,5,33,9,1,1,5,1,1,0,4,0,1,11,3,1,1,2,0,0,0,17,9,0,false
/home/leticiafraga/LAB/qualidade-sistemas-java/./repos/chatgpt-java/src/main/java/com/plexpt/chatgpt/util/fastjson/TypeUtils.java,com.plexpt.chatgpt.util.fastjson.TypeUtils,castToBigInteger/1[java.lang.Object],false,138,1,3,2,1,15,12,37,9,5,1,12,0,0,0,2,0,1,2,4,5,0,2,0,0,0,19,9,0,false
/home/leticiafraga/LAB/qualidade-sistemas-java/./repos/chatgpt-java/src/main/java/com/plexpt/chatgpt/util/fastjson/TypeUtils.java,com.plexpt.chatgpt.util.fastjson.TypeUtils,castToBigDecimal/1[java.lang.Object],false,104,1,3,2,1,15,8,32,8,1,1,8,0,0,0,3,0,1,2,3,1,0,2,0,0,0,15,9,0,false
/home/leticiafraga/LAB/qualidade-sistemas-java/./repos/chatgpt-java/src/main/java/com/plexpt/chatgpt/util/fastjson/TypeUtils.java,com.plexpt.chatgpt.util.fastjson.TypeUtils,castToShort/1[java.lang.Object],false,74,2,6,4,2,10,6,22,6,1,1,6,1,1,0,2,0,2,3,3,1,1,2,0,0,0,18,9,0,false
/home/leticiafraga/LAB/qualidade-sistemas-java/./repos/chatgpt-java/src/main/java/com/plexpt/chatgpt/util/fastjson/TypeUtils.java,com.plexpt.chatgpt.util.fastjson.TypeUtils,castToByte/1[java.lang.Object],false,24,2,6,4,2,10,6,22,6,1,1,6,1,1,0,2,0,2,3,3,1,1,2,0,0,0,18,9,0,false
/home/leticiafraga/LAB/qualidade-sistemas-java/./repos/chatgpt-java/src/main/java/com/plexpt/chatgpt/util/fastjson/TypeUtils.java,com.plexpt.chatgpt.util.fastjson.TypeUtils,castToInt/1[java.lang.Object],false,424,2,8,5,3,17,16,41,8,5,1,16,2,1,0,4,0,1,8,5,7,1,2,0,0,0,26,9,0,false
/home/leticiafraga/LAB/qualidade-sistemas-java/./repos/chatgpt-java/src/main/java/com/plexpt/chatgpt/util/fastjson/TypeUtils.java,com.plexpt.chatgpt.util.fastjson.TypeUtils,castToDouble/1[java.lang.Object],false,205,1,5,4,1,10,8,22,5,1,1,8,0,0,0,3,0,2,5,4,2,1,2,0,0,0,17,9,0,false
/home/leticiafraga/LAB/qualidade-sistemas-java/./repos/chatgpt-java/src/main/java/com/plexpt/chatgpt/util/fastjson/TypeUtils.java,com.plexpt.chatgpt.util.fastjson.TypeUtils,"num/2[char,char]",false,242,0,0,0,0,5,0,6,2,0,2,0,0,0,0,0,0,2,0,2,0,4,1,0,0,0,3,8,0,false
/home/leticiafraga/LAB/qualidade-sistemas-java/./repos/chatgpt-java/src/main/java/com/plexpt/chatgpt/util/fastjson/TypeUtils.java,com.plexpt.chatgpt.util.fastjson.TypeUtils,intValue/1[java.math.BigDecimal],false,398,0,2,2,0,4,3,10,3,1,1,3,0,0,0,1,0,0,0,3,1,0,1,0,0,0,7,9,0,false
/home/leticiafraga/LAB/qualidade-sistemas-java/./repos/chatgpt-java/src/main/java/com/plexpt/chatgpt/util/fastjson/TypeUtils.java,com.plexpt.chatgpt.util.fastjson.TypeUtils,byteValue/1[java.math.BigDecimal],false,372,0,1,1,0,4,3,10,3,1,1,3,0,0,0,1,0,0,0,3,1,0,1,0,0,0,7,9,0,false
/home/leticiafraga/LAB/qualidade-sistemas-java/./repos/chatgpt-java/src/main/java/com/plexpt/chatgpt/util/SseHelper.java,com.plexpt.chatgpt.util.SseHelper,complete/1[com.plexpt.chatgpt.util.SseEmitter],false,11,1,1,1,0,2,1,7,0,0,1,1,0,0,0,0,1,0,0,0,0,0,1,0,0,0,6,1,0,false
/home/leticiafraga/LAB/qualidade-sistemas-java/./repos/chatgpt-java/src/main/java/com/plexpt/chatgpt/util/SseHelper.java,com.plexpt.chatgpt.util.SseHelper,"send/2[com.plexpt.chatgpt.util.SseEmitter,java.lang.Object]",false,20,1,1,1,0,2,1,7,0,0,2,1,0,0,0,0,1,0,0,0,0,0,1,0,0,0,6,1,0,false
/home/leticiafraga/LAB/qualidade-sistemas-java/./repos/chatgpt-java/src/main/java/com/plexpt/chatgpt/entity/audio/Transcriptions.java,com.plexpt.chatgpt.entity.audio.Transcriptions,"of/2[java.lang.String,java.lang.String]",false,21,1,2,1,1,1,0,3,1,0,2,0,0,0,0,0,0,0,0,0,0,0,0,0,0,0,3,9,0,false
/home/leticiafraga/LAB/qualidade-sistemas-java/./repos/chatgpt-java/src/main/java/com/plexpt/chatgpt/entity/audio/Transcriptions.java,com.plexpt.chatgpt.entity.audio.Transcriptions,"Transcriptions/2[java.lang.String,java.lang.String]",true,16,0,1,1,0,1,3,4,0,0,2,3,0,0,0,0,0,0,4,0,0,0,0,0,0,0,7,1,0,false
/home/leticiafraga/LAB/qualidade-sistemas-java/./repos/chatgpt-java/src/main/java/com/plexpt/chatgpt/entity/chat/Message.java,com.plexpt.chatgpt.entity.chat.Message,of/1[java.lang.String],false,37,1,9,8,1,1,1,3,1,0,1,1,0,0,0,0,0,0,0,0,0,0,0,0,0,0,3,9,0,false
/home/leticiafraga/LAB/qualidade-sistemas-java/./repos/chatgpt-java/src/main/java/com/plexpt/chatgpt/entity/chat/Message.java,com.plexpt.chatgpt.entity.chat.Message,ofAssistant/1[java.lang.String],false,47,1,1,0,1,1,1,3,1,0,1,1,0,0,0,0,0,0,0,0,0,0,0,0,0,0,4,9,0,false
/home/leticiafraga/LAB/qualidade-sistemas-java/./repos/chatgpt-java/src/main/java/com/plexpt/chatgpt/entity/chat/Message.java,com.plexpt.chatgpt.entity.chat.Message,ofFunction/1[java.lang.String],false,52,1,2,1,1,1,1,3,1,0,1,1,0,0,0,0,0,0,0,0,0,0,0,0,0,0,4,9,0,false
/home/leticiafraga/LAB/qualidade-sistemas-java/./repos/chatgpt-java/src/main/java/com/plexpt/chatgpt/entity/chat/Message.java,com.plexpt.chatgpt.entity.chat.Message,"Message/2[java.lang.String,java.lang.String]",true,32,0,4,4,0,1,0,4,0,0,2,0,0,0,0,0,0,0,0,0,2,0,0,0,0,0,3,1,0,false
/home/leticiafraga/LAB/qualidade-sistemas-java/./repos/chatgpt-java/src/main/java/com/plexpt/chatgpt/entity/chat/Message.java,com.plexpt.chatgpt.entity.chat.Message,ofSystem/1[java.lang.String],false,42,1,3,2,1,1,1,3,1,0,1,1,0,0,0,0,0,0,0,0,0,0,0,0,0,0,4,9,0,false
/home/leticiafraga/LAB/qualidade-sistemas-java/./repos/chatgpt-java/src/main/java/com/plexpt/chatgpt/util/fastjson/JSONArray.java,com.plexpt.chatgpt.util.fastjson.JSONArray,listIterator/0,false,334,0,0,0,0,1,1,3,1,0,0,1,0,0,0,0,0,0,0,0,0,0,0,0,0,0,3,1,0,false
/home/leticiafraga/LAB/qualidade-sistemas-java/./repos/chatgpt-java/src/main/java/com/plexpt/chatgpt/util/fastjson/JSONArray.java,com.plexpt.chatgpt.util.fastjson.JSONArray,add/1[java.lang.Object],false,254,0,1,1,0,1,1,3,1,0,1,1,0,0,0,0,0,0,0,0,0,0,0,0,0,0,3,1,0,false
/home/leticiafraga/LAB/qualidade-sistemas-java/./repos/chatgpt-java/src/main/java/com/plexpt/chatgpt/util/fastjson/JSONArray.java,com.plexpt.chatgpt.util.fastjson.JSONArray,retainAll/1[java.util.Collection],false,284,0,0,0,0,1,1,3,1,0,1,1,0,0,0,0,0,0,0,0,0,0,0,0,0,0,4,1,0,false
/home/leticiafraga/LAB/qualidade-sistemas-java/./repos/chatgpt-java/src/main/java/com/plexpt/chatgpt/util/fastjson/JSONArray.java,com.plexpt.chatgpt.util.fastjson.JSONArray,remove/1[java.lang.Object],false,259,0,0,0,0,1,1,3,1,0,1,1,0,0,0,0,0,0,0,0,0,0,0,0,0,0,3,1,0,false
/home/leticiafraga/LAB/qualidade-sistemas-java/./repos/chatgpt-java/src/main/java/com/plexpt/chatgpt/util/fastjson/JSONArray.java,com.plexpt.chatgpt.util.fastjson.JSONArray,"addAll/2[int,java.util.Collection]",false,274,0,0,0,0,1,1,3,1,0,2,1,0,0,0,0,0,0,0,0,0,0,0,0,0,0,3,1,0,false
/home/leticiafraga/LAB/qualidade-sistemas-java/./repos/chatgpt-java/src/main/java/com/plexpt/chatgpt/util/fastjson/JSONArray.java,com.plexpt.chatgpt.util.fastjson.JSONArray,isEmpty/0,false,229,0,0,0,0,1,1,3,1,0,0,1,0,0,0,0,0,0,0,0,0,0,0,0,0,0,2,1,0,false
/home/leticiafraga/LAB/qualidade-sistemas-java/./repos/chatgpt-java/src/main/java/com/plexpt/chatgpt/util/fastjson/JSONArray.java,com.plexpt.chatgpt.util.fastjson.JSONArray,get/1[int],false,304,0,17,17,0,1,1,3,1,0,1,1,0,0,0,0,0,0,0,0,0,0,0,0,0,0,3,1,0,false
/home/leticiafraga/LAB/qualidade-sistemas-java/./repos/chatgpt-java/src/main/java/com/plexpt/chatgpt/util/fastjson/JSONArray.java,com.plexpt.chatgpt.util.fastjson.JSONArray,indexOf/1[java.lang.Object],false,324,0,0,0,0,1,1,3,1,0,1,1,0,0,0,0,0,0,0,0,0,0,0,0,0,0,4,1,0,false
/home/leticiafraga/LAB/qualidade-sistemas-java/./repos/chatgpt-java/src/main/java/com/plexpt/chatgpt/util/fastjson/JSONArray.java,com.plexpt.chatgpt.util.fastjson.JSONArray,remove/1[int],false,319,0,0,0,0,1,1,3,1,0,1,1,0,0,0,0,0,0,0,0,0,0,0,0,0,0,3,1,0,false
/home/leticiafraga/LAB/qualidade-sistemas-java/./repos/chatgpt-java/src/main/java/com/plexpt/chatgpt/util/fastjson/JSONArray.java,com.plexpt.chatgpt.util.fastjson.JSONArray,JSONArray/1[java.util.List<java.lang.Object>],true,16,0,3,3,0,1,0,3,0,0,1,0,0,0,0,0,0,0,0,0,1,0,0,0,0,0,6,1,0,false
/home/leticiafraga/LAB/qualidade-sistemas-java/./repos/chatgpt-java/src/main/java/com/plexpt/chatgpt/util/fastjson/JSONArray.java,com.plexpt.chatgpt.util.fastjson.JSONArray,spliterator/0,false,359,0,0,0,0,1,1,3,1,0,0,1,0,0,0,0,0,0,0,0,0,0,0,0,0,0,2,1,0,false
/home/leticiafraga/LAB/qualidade-sistemas-java/./repos/chatgpt-java/src/main/java/com/plexpt/chatgpt/util/fastjson/JSONArray.java,com.plexpt.chatgpt.util.fastjson.JSONArray,"subList/2[int,int]",false,344,0,0,0,0,1,1,3,1,0,2,1,0,0,0,0,0,0,0,0,0,0,0,0,0,0,4,1,0,false
/home/leticiafraga/LAB/qualidade-sistemas-java/./repos/chatgpt-java/src/main/java/com/plexpt/chatgpt/util/fastjson/JSONArray.java,com.plexpt.chatgpt.util.fastjson.JSONArray,iterator/0,false,239,0,0,0,0,1,1,3,1,0,0,1,0,0,0,0,0,0,0,0,0,0,0,0,0,0,2,1,0,false
/home/leticiafraga/LAB/qualidade-sistemas-java/./repos/chatgpt-java/src/main/java/com/plexpt/chatgpt/util/fastjson/JSONArray.java,com.plexpt.chatgpt.util.fastjson.JSONArray,getString/1[int],false,196,2,2,0,2,1,2,4,1,1,1,2,1,1,0,0,0,0,0,0,1,0,0,0,0,0,7,1,0,false
/home/leticiafraga/LAB/qualidade-sistemas-java/./repos/chatgpt-java/src/main/java/com/plexpt/chatgpt/util/fastjson/JSONArray.java,com.plexpt.chatgpt.util.fastjson.JSONArray,getByteValue/1[int],false,88,2,2,0,2,2,3,8,2,2,1,3,1,1,0,1,0,0,0,1,2,0,1,0,0,0,11,1,0,false
/home/leticiafraga/LAB/qualidade-sistemas-java/./repos/chatgpt-java/src/main/java/com/plexpt/chatgpt/util/fastjson/JSONArray.java,com.plexpt.chatgpt.util.fastjson.JSONArray,getDoubleValue/1[int],false,173,2,2,0,2,2,3,8,2,2,1,3,1,1,0,1,0,0,0,1,2,0,1,0,0,0,12,1,0,false
/home/leticiafraga/LAB/qualidade-sistemas-java/./repos/chatgpt-java/src/main/java/com/plexpt/chatgpt/util/fastjson/JSONArray.java,com.plexpt.chatgpt.util.fastjson.JSONArray,getBoolean/1[int],false,58,2,2,0,2,2,2,7,2,1,1,2,1,1,0,1,0,0,0,0,1,0,1,0,0,0,8,1,0,false
/home/leticiafraga/LAB/qualidade-sistemas-java/./repos/chatgpt-java/src/main/java/com/plexpt/chatgpt/util/fastjson/JSONArray.java,com.plexpt.chatgpt.util.fastjson.JSONArray,getShortValue/1[int],false,105,2,2,0,2,2,3,8,2,2,1,3,1,1,0,1,0,0,0,1,2,0,1,0,0,0,11,1,0,false
/home/leticiafraga/LAB/qualidade-sistemas-java/./repos/chatgpt-java/src/main/java/com/plexpt/chatgpt/util/fastjson/JSONArray.java,com.plexpt.chatgpt.util.fastjson.JSONArray,toJSONString/0,false,214,1,3,2,1,1,1,3,1,0,0,1,0,0,0,0,0,0,0,0,0,0,0,0,0,0,7,1,0,false
/home/leticiafraga/LAB/qualidade-sistemas-java/./repos/chatgpt-java/src/main/java/com/plexpt/chatgpt/util/fastjson/JSONArray.java,com.plexpt.chatgpt.util.fastjson.JSONArray,toArray/0,false,244,0,0,0,0,1,1,3,1,0,0,1,0,0,0,0,0,0,0,0,0,0,0,0,0,0,2,1,0,false
/home/leticiafraga/LAB/qualidade-sistemas-java/./repos/chatgpt-java/src/main/java/com/plexpt/chatgpt/util/fastjson/JSONArray.java,com.plexpt.chatgpt.util.fastjson.JSONArray,clear/0,false,289,0,0,0,0,1,1,3,0,0,0,1,0,0,0,0,0,0,0,0,0,0,0,0,0,0,1,1,0,false
/home/leticiafraga/LAB/qualidade-sistemas-java/./repos/chatgpt-java/src/main/java/com/plexpt/chatgpt/util/fastjson/JSONArray.java,com.plexpt.chatgpt.util.fastjson.JSONArray,getJSONArray/1[int],false,43,1,1,0,1,3,1,10,3,1,1,1,0,0,0,0,0,0,0,0,1,0,1,0,0,0,11,1,0,false
/home/leticiafraga/LAB/qualidade-sistemas-java/./repos/chatgpt-java/src/main/java/com/plexpt/chatgpt/util/fastjson/JSONArray.java,com.plexpt.chatgpt.util.fastjson.JSONArray,equals/1[java.lang.Object],false,294,0,0,0,0,1,1,3,1,0,1,1,0,0,0,0,0,0,0,0,0,0,0,0,0,0,3,1,0,false
/home/leticiafraga/LAB/qualidade-sistemas-java/./repos/chatgpt-java/src/main/java/com/plexpt/chatgpt/util/fastjson/JSONArray.java,com.plexpt.chatgpt.util.fastjson.JSONArray,getFloatValue/1[int],false,156,2,2,0,2,2,3,8,2,2,1,3,1,1,0,1,0,0,0,1,2,0,1,0,0,0,12,1,0,false
/home/leticiafraga/LAB/qualidade-sistemas-java/./repos/chatgpt-java/src/main/java/com/plexpt/chatgpt/util/fastjson/JSONArray.java,com.plexpt.chatgpt.util.fastjson.JSONArray,getShort/1[int],false,99,2,2,0,2,1,2,4,1,1,1,2,1,1,0,0,0,0,0,0,1,0,0,0,0,0,7,1,0,false
/home/leticiafraga/LAB/qualidade-sistemas-java/./repos/chatgpt-java/src/main/java/com/plexpt/chatgpt/util/fastjson/JSONArray.java,com.plexpt.chatgpt.util.fastjson.JSONArray,replaceAll/1[java.util.function.UnaryOperator],false,349,0,0,0,0,1,1,3,0,0,1,1,0,0,0,0,0,0,0,0,0,0,0,0,0,0,5,1,0,false
/home/leticiafraga/LAB/qualidade-sistemas-java/./repos/chatgpt-java/src/main/java/com/plexpt/chatgpt/util/fastjson/JSONArray.java,com.plexpt.chatgpt.util.fastjson.JSONArray,lastIndexOf/1[java.lang.Object],false,329,0,0,0,0,1,1,3,1,0,1,1,0,0,0,0,0,0,0,0,0,0,0,0,0,0,5,1,0,false
/home/leticiafraga/LAB/qualidade-sistemas-java/./repos/chatgpt-java/src/main/java/com/plexpt/chatgpt/util/fastjson/JSONArray.java,com.plexpt.chatgpt.util.fastjson.JSONArray,JSONArray/1[int],true,20,0,1,1,0,1,0,3,0,0,1,0,0,0,0,0,0,0,0,0,1,0,0,0,0,0,7,1,0,false
/home/leticiafraga/LAB/qualidade-sistemas-java/./repos/chatgpt-java/src/main/java/com/plexpt/chatgpt/util/fastjson/JSONArray.java,com.plexpt.chatgpt.util.fastjson.JSONArray,size/0,false,224,0,0,0,0,1,1,3,1,0,0,1,0,0,0,0,0,0,0,0,0,0,0,0,0,0,1,1,0,false
/home/leticiafraga/LAB/qualidade-sistemas-java/./repos/chatgpt-java/src/main/java/com/plexpt/chatgpt/util/fastjson/JSONArray.java,com.plexpt.chatgpt.util.fastjson.JSONArray,contains/1[java.lang.Object],false,234,0,0,0,0,1,1,3,1,0,1,1,0,0,0,0,0,0,0,0,0,0,0,0,0,0,3,1,0,false
/home/leticiafraga/LAB/qualidade-sistemas-java/./repos/chatgpt-java/src/main/java/com/plexpt/chatgpt/util/fastjson/JSONArray.java,com.plexpt.chatgpt.util.fastjson.JSONArray,getLong/1[int],false,133,2,2,0,2,1,2,4,1,1,1,2,1,1,0,0,0,0,0,0,1,0,0,0,0,0,7,1,0,false
/home/leticiafraga/LAB/qualidade-sistemas-java/./repos/chatgpt-java/src/main/java/com/plexpt/chatgpt/util/fastjson/JSONArray.java,com.plexpt.chatgpt.util.fastjson.JSONArray,getIntValue/1[int],false,122,2,2,0,2,2,3,8,2,2,1,3,1,1,0,1,0,0,0,1,2,0,1,0,0,0,12,1,0,false
/home/leticiafraga/LAB/qualidade-sistemas-java/./repos/chatgpt-java/src/main/java/com/plexpt/chatgpt/util/fastjson/JSONArray.java,com.plexpt.chatgpt.util.fastjson.JSONArray,"getObject/2[int,java.lang.Class<T>]",false,203,2,2,0,2,3,4,10,3,1,2,4,0,0,0,1,0,0,0,0,1,0,1,0,0,0,6,1,0,false
/home/leticiafraga/LAB/qualidade-sistemas-java/./repos/chatgpt-java/src/main/java/com/plexpt/chatgpt/util/fastjson/JSONArray.java,com.plexpt.chatgpt.util.fastjson.JSONArray,toString/0,false,219,1,1,0,1,1,1,3,1,0,0,1,1,1,0,0,0,0,0,0,0,0,0,0,0,0,6,1,0,false
/home/leticiafraga/LAB/qualidade-sistemas-java/./repos/chatgpt-java/src/main/java/com/plexpt/chatgpt/util/fastjson/JSONArray.java,com.plexpt.chatgpt.util.fastjson.JSONArray,toJavaList/1[java.lang.Class<T>],false,78,3,2,0,2,1,2,3,1,0,1,2,1,1,0,0,0,0,0,0,0,0,0,0,0,0,11,1,0,false
/home/leticiafraga/LAB/qualidade-sistemas-java/./repos/chatgpt-java/src/main/java/com/plexpt/chatgpt/util/fastjson/JSONArray.java,com.plexpt.chatgpt.util.fastjson.JSONArray,getInteger/1[int],false,116,2,2,0,2,1,2,4,1,1,1,2,1,1,0,0,0,0,0,0,1,0,0,0,0,0,8,1,0,false
/home/leticiafraga/LAB/qualidade-sistemas-java/./repos/chatgpt-java/src/main/java/com/plexpt/chatgpt/util/fastjson/JSONArray.java,com.plexpt.chatgpt.util.fastjson.JSONArray,"set/2[int,java.lang.Object]",false,309,0,0,0,0,1,1,3,1,0,2,1,0,0,0,0,0,0,0,0,0,0,0,0,0,0,3,1,0,false
/home/leticiafraga/LAB/qualidade-sistemas-java/./repos/chatgpt-java/src/main/java/com/plexpt/chatgpt/util/fastjson/JSONArray.java,com.plexpt.chatgpt.util.fastjson.JSONArray,sort/1[java.util.Comparator],false,354,0,0,0,0,1,1,3,0,0,1,1,0,0,0,0,0,0,0,0,0,0,0,0,0,0,3,1,0,false
/home/leticiafraga/LAB/qualidade-sistemas-java/./repos/chatgpt-java/src/main/java/com/plexpt/chatgpt/util/fastjson/JSONArray.java,com.plexpt.chatgpt.util.fastjson.JSONArray,getBigDecimal/1[int],false,184,2,2,0,2,1,2,4,1,1,1,2,1,1,0,0,0,0,0,0,1,0,0,0,0,0,8,1,0,false
/home/leticiafraga/LAB/qualidade-sistemas-java/./repos/chatgpt-java/src/main/java/com/plexpt/chatgpt/util/fastjson/JSONArray.java,com.plexpt.chatgpt.util.fastjson.JSONArray,addAll/1[java.util.Collection],false,269,0,0,0,0,1,1,3,1,0,1,1,0,0,0,0,0,0,0,0,0,0,0,0,0,0,4,1,0,false
/home/leticiafraga/LAB/qualidade-sistemas-java/./repos/chatgpt-java/src/main/java/com/plexpt/chatgpt/util/fastjson/JSONArray.java,com.plexpt.chatgpt.util.fastjson.JSONArray,getFloat/1[int],false,150,2,2,0,2,1,2,4,1,1,1,2,1,1,0,0,0,0,0,0,1,0,0,0,0,0,7,1,0,false
/home/leticiafraga/LAB/qualidade-sistemas-java/./repos/chatgpt-java/src/main/java/com/plexpt/chatgpt/util/fastjson/JSONArray.java,com.plexpt.chatgpt.util.fastjson.JSONArray,getBigInteger/1[int],false,190,2,2,0,2,1,2,4,1,1,1,2,1,1,0,0,0,0,0,0,1,0,0,0,0,0,8,1,0,false
/home/leticiafraga/LAB/qualidade-sistemas-java/./repos/chatgpt-java/src/main/java/com/plexpt/chatgpt/util/fastjson/JSONArray.java,com.plexpt.chatgpt.util.fastjson.JSONArray,JSONArray/0,true,25,0,1,1,0,1,0,3,0,0,0,0,0,0,0,0,0,0,0,1,1,0,0,0,0,0,6,1,0,false
/home/leticiafraga/LAB/qualidade-sistemas-java/./repos/chatgpt-java/src/main/java/com/plexpt/chatgpt/util/fastjson/JSONArray.java,com.plexpt.chatgpt.util.fastjson.JSONArray,getDouble/1[int],false,167,2,2,0,2,1,2,4,1,1,1,2,1,1,0,0,0,0,0,0,1,0,0,0,0,0,7,1,0,false
/home/leticiafraga/LAB/qualidade-sistemas-java/./repos/chatgpt-java/src/main/java/com/plexpt/chatgpt/util/fastjson/JSONArray.java,com.plexpt.chatgpt.util.fastjson.JSONArray,containsAll/1[java.util.Collection],false,264,0,0,0,0,1,1,3,1,0,1,1,0,0,0,0,0,0,0,0,0,0,0,0,0,0,4,1,0,false
/home/leticiafraga/LAB/qualidade-sistemas-java/./repos/chatgpt-java/src/main/java/com/plexpt/chatgpt/util/fastjson/JSONArray.java,com.plexpt.chatgpt.util.fastjson.JSONArray,removeAll/1[java.util.Collection],false,279,0,0,0,0,1,1,3,1,0,1,1,0,0,0,0,0,0,0,0,0,0,0,0,0,0,4,1,0,false
/home/leticiafraga/LAB/qualidade-sistemas-java/./repos/chatgpt-java/src/main/java/com/plexpt/chatgpt/util/fastjson/JSONArray.java,com.plexpt.chatgpt.util.fastjson.JSONArray,getBooleanValue/1[int],false,68,2,2,0,2,2,3,7,2,1,1,3,1,1,0,1,0,0,0,0,1,0,1,0,0,0,10,1,0,false
/home/leticiafraga/LAB/qualidade-sistemas-java/./repos/chatgpt-java/src/main/java/com/plexpt/chatgpt/util/fastjson/JSONArray.java,com.plexpt.chatgpt.util.fastjson.JSONArray,getLongValue/1[int],false,139,2,2,0,2,2,3,8,2,2,1,3,1,1,0,1,0,0,0,1,2,0,1,0,0,0,13,1,0,false
/home/leticiafraga/LAB/qualidade-sistemas-java/./repos/chatgpt-java/src/main/java/com/plexpt/chatgpt/util/fastjson/JSONArray.java,com.plexpt.chatgpt.util.fastjson.JSONArray,getByte/1[int],false,82,2,2,0,2,1,2,4,1,1,1,2,1,1,0,0,0,0,0,0,1,0,0,0,0,0,7,1,0,false
/home/leticiafraga/LAB/qualidade-sistemas-java/./repos/chatgpt-java/src/main/java/com/plexpt/chatgpt/util/fastjson/JSONArray.java,com.plexpt.chatgpt.util.fastjson.JSONArray,listIterator/1[int],false,339,0,0,0,0,1,1,3,1,0,1,1,0,0,0,0,0,0,0,0,0,0,0,0,0,0,4,1,0,false
/home/leticiafraga/LAB/qualidade-sistemas-java/./repos/chatgpt-java/src/main/java/com/plexpt/chatgpt/util/fastjson/JSONArray.java,com.plexpt.chatgpt.util.fastjson.JSONArray,toArray/1[java.lang.Object[]],false,249,0,0,0,0,1,1,3,1,0,1,1,0,0,0,0,0,0,0,0,0,0,0,0,0,0,3,1,0,false
/home/leticiafraga/LAB/qualidade-sistemas-java/./repos/chatgpt-java/src/main/java/com/plexpt/chatgpt/util/fastjson/JSONArray.java,com.plexpt.chatgpt.util.fastjson.JSONArray,"add/2[int,java.lang.Object]",false,314,0,0,0,0,1,1,3,0,0,2,1,0,0,0,0,0,0,0,0,0,0,0,0,0,0,2,1,0,false
/home/leticiafraga/LAB/qualidade-sistemas-java/./repos/chatgpt-java/src/main/java/com/plexpt/chatgpt/util/fastjson/JSONArray.java,com.plexpt.chatgpt.util.fastjson.JSONArray,getJSONObject/1[int],false,29,1,1,0,1,3,1,10,3,1,1,1,0,0,0,0,0,0,0,0,1,0,1,0,0,0,10,1,0,false
/home/leticiafraga/LAB/qualidade-sistemas-java/./repos/chatgpt-java/src/main/java/com/plexpt/chatgpt/util/fastjson/JSONArray.java,com.plexpt.chatgpt.util.fastjson.JSONArray,hashCode/0,false,299,0,0,0,0,1,1,3,1,0,0,1,0,0,0,0,0,0,0,0,0,0,0,0,0,0,2,1,0,false
/home/leticiafraga/LAB/qualidade-sistemas-java/./repos/chatgpt-java/src/main/java/com/plexpt/chatgpt/ConsoleChatGPT.java,com.plexpt.chatgpt.ConsoleChatGPT$Anonymous1,"onError/2[java.lang.Throwable,java.lang.String]",false,106,0,0,0,0,1,2,4,0,0,2,2,0,0,0,0,0,0,0,0,0,0,0,0,0,0,4,1,0,false
/home/leticiafraga/LAB/qualidade-sistemas-java/./repos/chatgpt-java/src/main/java/com/plexpt/chatgpt/util/fastjson/JSON.java,com.plexpt.chatgpt.util.fastjson.JSON,parseObject/1[java.lang.String],false,98,3,5,3,2,2,2,9,1,1,1,2,1,2,0,0,1,0,0,0,1,0,1,0,0,0,15,9,0,false
/home/leticiafraga/LAB/qualidade-sistemas-java/./repos/chatgpt-java/src/main/java/com/plexpt/chatgpt/util/fastjson/JSON.java,com.plexpt.chatgpt.util.fastjson.JSON,listConvertToJsonArray/1[java.util.List],false,222,2,4,2,2,2,3,7,1,1,1,3,1,1,1,0,0,0,0,0,1,0,1,0,0,0,15,10,0,false
/home/leticiafraga/LAB/qualidade-sistemas-java/./repos/chatgpt-java/src/main/java/com/plexpt/chatgpt/util/fastjson/JSON.java,com.plexpt.chatgpt.util.fastjson.JSON,parse/1[java.lang.String],false,84,5,5,0,5,4,5,14,3,0,1,5,4,7,0,0,1,0,0,0,0,0,1,0,0,0,11,9,0,false
/home/leticiafraga/LAB/qualidade-sistemas-java/./repos/chatgpt-java/src/main/java/com/plexpt/chatgpt/util/fastjson/JSON.java,com.plexpt.chatgpt.util.fastjson.JSON,toJSONString/1[java.lang.Object],false,43,1,9,8,1,3,1,11,2,0,1,1,0,0,0,1,1,0,0,0,0,0,1,0,0,0,12,9,0,false
/home/leticiafraga/LAB/qualidade-sistemas-java/./repos/chatgpt-java/src/main/java/com/plexpt/chatgpt/util/fastjson/JSON.java,com.plexpt.chatgpt.util.fastjson.JSON,"toJSONString/2[java.lang.Object,boolean]",false,54,2,2,0,2,4,3,11,2,0,2,3,1,1,0,0,1,0,0,0,0,0,1,0,0,0,12,9,0,false
/home/leticiafraga/LAB/qualidade-sistemas-java/./repos/chatgpt-java/src/main/java/com/plexpt/chatgpt/util/fastjson/JSON.java,com.plexpt.chatgpt.util.fastjson.JSON,"parseObject/2[java.lang.String,java.lang.Class<T>]",false,108,2,4,3,1,2,1,8,1,0,2,1,0,0,0,0,1,0,0,0,0,0,1,0,0,0,7,9,0,false
/home/leticiafraga/LAB/qualidade-sistemas-java/./repos/chatgpt-java/src/main/java/com/plexpt/chatgpt/util/fastjson/JSON.java,com.plexpt.chatgpt.util.fastjson.JSON,isJsonArray/1[java.lang.String],false,204,1,4,2,2,2,3,6,2,0,1,3,2,2,0,0,0,0,0,0,0,0,1,0,0,0,7,9,0,true
/home/leticiafraga/LAB/qualidade-sistemas-java/./repos/chatgpt-java/src/main/java/com/plexpt/chatgpt/util/fastjson/JSON.java,com.plexpt.chatgpt.util.fastjson.JSON,"isWrap/3[java.lang.String,char,char]",false,215,1,3,2,1,4,3,6,2,0,3,3,1,1,0,2,0,0,0,2,0,1,1,0,0,0,7,10,0,false
/home/leticiafraga/LAB/qualidade-sistemas-java/./repos/chatgpt-java/src/main/java/com/plexpt/chatgpt/util/fastjson/JSON.java,com.plexpt.chatgpt.util.fastjson.JSON,isJson/1[java.lang.String],false,180,1,2,0,2,1,2,3,1,0,1,2,2,4,0,0,0,0,0,0,0,0,0,0,0,0,5,9,0,true
/home/leticiafraga/LAB/qualidade-sistemas-java/./repos/chatgpt-java/src/main/java/com/plexpt/chatgpt/util/fastjson/JSON.java,com.plexpt.chatgpt.util.fastjson.JSON,isBlank/1[java.lang.String],false,211,0,3,3,0,3,2,3,1,0,1,2,0,0,0,2,0,0,0,1,0,0,0,0,0,0,4,10,0,false
/home/leticiafraga/LAB/qualidade-sistemas-java/./repos/chatgpt-java/src/main/java/com/plexpt/chatgpt/util/fastjson/JSON.java,com.plexpt.chatgpt.util.fastjson.JSON,"parseArray/2[java.lang.String,java.lang.Class<T>]",false,126,3,2,1,1,2,3,9,1,1,2,3,0,0,0,0,1,0,0,0,1,0,1,0,0,0,9,9,0,false
/home/leticiafraga/LAB/qualidade-sistemas-java/./repos/chatgpt-java/src/main/java/com/plexpt/chatgpt/util/fastjson/JSON.java,com.plexpt.chatgpt.util.fastjson.JSON,isJsonObj/1[java.lang.String],false,190,1,4,2,2,2,3,6,2,0,1,3,2,2,0,0,0,0,0,0,0,0,1,0,0,0,7,9,0,true
/home/leticiafraga/LAB/qualidade-sistemas-java/./repos/chatgpt-java/src/main/java/com/plexpt/chatgpt/util/fastjson/JSON.java,com.plexpt.chatgpt.util.fastjson.JSON,(initializer 1),false,29,0,0,0,0,1,3,7,0,0,0,3,0,0,0,0,0,0,0,0,0,0,0,0,0,0,13,8,0,false
/home/leticiafraga/LAB/qualidade-sistemas-java/./repos/chatgpt-java/src/main/java/com/plexpt/chatgpt/util/fastjson/JSON.java,com.plexpt.chatgpt.util.fastjson.JSON,"parseJSONArray/2[java.lang.String,com.plexpt.chatgpt.util.fastjson.TypeReference<T>]",false,138,3,1,0,1,2,1,10,1,1,2,1,0,0,0,0,1,0,0,0,2,0,1,0,0,0,13,9,0,false
/home/leticiafraga/LAB/qualidade-sistemas-java/./repos/chatgpt-java/src/main/java/com/plexpt/chatgpt/util/fastjson/JSON.java,com.plexpt.chatgpt.util.fastjson.JSON,parseArray/1[java.lang.String],false,116,3,5,3,2,2,2,9,1,1,1,2,1,2,0,0,1,0,0,0,1,0,1,0,0,0,16,9,0,false
/home/leticiafraga/LAB/qualidade-sistemas-java/./repos/chatgpt-java/src/main/java/com/plexpt/chatgpt/util/fastjson/JSON.java,com.plexpt.chatgpt.util.fastjson.JSON,main/1[java.lang.String[]],false,260,1,1,0,1,1,2,5,0,2,1,2,1,3,0,0,0,0,1,0,2,0,0,0,0,0,21,9,0,false
/home/leticiafraga/LAB/qualidade-sistemas-java/./repos/chatgpt-java/src/main/java/com/plexpt/chatgpt/util/fastjson/JSON.java,com.plexpt.chatgpt.util.fastjson.JSON,obj2StringPretty/1[T],false,72,1,0,0,0,4,4,12,3,0,1,4,0,0,0,1,1,0,1,0,0,0,1,0,0,0,13,9,1,true
/home/leticiafraga/LAB/qualidade-sistemas-java/./repos/chatgpt-java/src/main/java/com/plexpt/chatgpt/util/fastjson/JSON.java,com.plexpt.chatgpt.util.fastjson.JSON,toJSONString/1[com.plexpt.chatgpt.util.fastjson.JsonNode],false,163,1,0,0,0,2,3,10,1,1,1,3,0,0,0,0,1,0,1,0,2,0,1,0,0,0,13,9,1,false
/home/leticiafraga/LAB/qualidade-sistemas-java/./repos/chatgpt-java/src/main/java/com/plexpt/chatgpt/util/fastjson/JSON.java,com.plexpt.chatgpt.util.fastjson.JSON,"mapToJsonObject/1[java.util.Map<java.lang.String,java.lang.Object>]",false,236,3,9,3,6,7,9,26,1,4,1,9,2,1,2,0,0,0,0,0,4,0,4,0,0,0,20,10,0,true
/home/leticiafraga/LAB/qualidade-sistemas-java/./repos/chatgpt-java/src/main/java/com/plexpt/chatgpt/util/fastjson/JSON.java,com.plexpt.chatgpt.util.fastjson.JSON,parseJSONObject/1[java.lang.Object],false,158,1,0,0,0,1,1,4,1,1,1,1,0,0,0,0,0,0,0,0,1,0,0,0,0,0,10,9,0,false
/home/leticiafraga/LAB/qualidade-sistemas-java/./repos/chatgpt-java/src/main/java/com/plexpt/chatgpt/util/fastjson/JSON.java,com.plexpt.chatgpt.util.fastjson.JSON,parseJSONObject/1[java.lang.String],false,148,1,0,0,0,2,3,10,1,1,1,3,0,0,0,0,1,0,1,0,2,0,1,0,0,0,14,9,1,false
/home/leticiafraga/LAB/qualidade-sistemas-java/./repos/chatgpt-java/src/main/java/com/plexpt/chatgpt/ChatGPTStream.java,com.plexpt.chatgpt.ChatGPTStream,init/0,false,65,2,0,0,0,2,6,11,1,1,0,6,0,0,0,0,0,0,0,0,2,0,1,0,0,0,11,1,0,true
/home/leticiafraga/LAB/qualidade-sistemas-java/./repos/chatgpt-java/src/main/java/com/plexpt/chatgpt/ChatGPTStream.java,com.plexpt.chatgpt.ChatGPTStream,"streamChatCompletion/2[com.plexpt.chatgpt.entity.chat.ChatCompletion,com.plexpt.chatgpt.EventSourceListener]",false,84,5,5,4,1,4,14,16,0,4,2,14,0,0,0,1,1,0,4,0,5,2,2,0,0,0,23,1,1,true
/home/leticiafraga/LAB/qualidade-sistemas-java/./repos/chatgpt-java/src/main/java/com/plexpt/chatgpt/ChatGPTStream.java,com.plexpt.chatgpt.ChatGPTStream,"streamChatCompletion/2[java.util.List<com.plexpt.chatgpt.entity.chat.Message>,com.plexpt.chatgpt.EventSourceListener]",false,114,4,1,0,1,1,5,4,0,1,2,5,1,1,0,0,0,0,0,0,1,0,0,0,0,0,9,1,0,true
/home/leticiafraga/LAB/qualidade-sistemas-java/./repos/chatgpt-java/src/test/java/com/plexpt/chatgpt/StreamTest.java,com.plexpt.chatgpt.StreamTest,chatCompletions/0,false,44,5,3,0,3,2,8,13,0,4,0,8,0,0,0,0,1,0,1,1,4,0,1,0,0,0,17,1,0,false
/home/leticiafraga/LAB/qualidade-sistemas-java/./repos/chatgpt-java/src/test/java/com/plexpt/chatgpt/StreamTest.java,com.plexpt.chatgpt.StreamTest,before/0,false,29,2,1,0,1,1,8,4,0,1,0,8,0,0,0,0,0,0,3,2,2,0,0,0,0,0,8,1,0,false
/home/leticiafraga/LAB/qualidade-sistemas-java/./repos/chatgpt-java/src/test/java/com/plexpt/chatgpt/StreamTest.java,com.plexpt.chatgpt.StreamTest,sseEmitter/1[java.lang.String],false,63,6,3,0,3,1,4,10,1,4,1,4,0,0,0,0,0,0,1,1,3,0,1,0,0,1,13,1,0,false
/home/leticiafraga/LAB/qualidade-sistemas-java/./repos/chatgpt-java/src/test/java/com/plexpt/chatgpt/FunctionCallTest.java,com.plexpt.chatgpt.FunctionCallTest,chat/0,false,33,12,8,0,8,4,34,31,0,15,0,34,2,1,1,0,0,0,21,3,15,1,3,0,0,0,37,1,0,false
/home/leticiafraga/LAB/qualidade-sistemas-java/./repos/chatgpt-java/src/test/java/com/plexpt/chatgpt/FunctionCallTest.java,com.plexpt.chatgpt.FunctionCallTest,"callWithWeather/3[java.lang.String,com.plexpt.chatgpt.entity.chat.Message,java.util.List<com.plexpt.chatgpt.entity.chat.ChatTool>]",false,94,6,4,1,3,1,17,10,0,6,3,17,0,0,0,0,0,0,2,3,6,0,0,0,0,0,16,2,0,false
/home/leticiafraga/LAB/qualidade-sistemas-java/./repos/chatgpt-java/src/test/java/com/plexpt/chatgpt/FunctionCallTest.java,com.plexpt.chatgpt.FunctionCallTest,before/0,false,19,2,1,0,1,1,8,4,0,1,0,8,0,0,0,0,0,0,3,2,2,0,0,0,0,0,7,1,0,false
/home/leticiafraga/LAB/qualidade-sistemas-java/./repos/chatgpt-java/src/test/java/com/plexpt/chatgpt/FunctionCallTest.java,com.plexpt.chatgpt.FunctionCallTest,"getCurrentWeather/2[java.lang.String,java.lang.String]",false,114,0,1,1,0,1,0,3,1,0,2,0,0,0,0,0,0,0,1,0,0,0,0,0,0,0,4,1,0,false
/home/leticiafraga/LAB/qualidade-sistemas-java/./repos/chatgpt-java/src/main/java/com/plexpt/chatgpt/util/ChatContextHolder.java,com.plexpt.chatgpt.util.ChatContextHolder,"add/2[java.lang.String,com.plexpt.chatgpt.entity.chat.Message]",false,48,1,1,1,0,2,3,8,0,1,2,3,0,0,0,1,0,0,0,0,2,0,1,0,0,0,5,9,0,true
/home/leticiafraga/LAB/qualidade-sistemas-java/./repos/chatgpt-java/src/main/java/com/plexpt/chatgpt/util/ChatContextHolder.java,com.plexpt.chatgpt.util.ChatContextHolder,remove/1[java.lang.String],false,61,0,0,0,0,1,1,3,0,0,1,1,0,0,0,0,0,0,0,0,0,0,0,0,0,0,2,9,0,true
/home/leticiafraga/LAB/qualidade-sistemas-java/./repos/chatgpt-java/src/main/java/com/plexpt/chatgpt/util/ChatContextHolder.java,com.plexpt.chatgpt.util.ChatContextHolder,"add/2[java.lang.String,java.lang.String]",false,35,2,1,0,1,1,4,4,0,1,2,4,1,1,0,0,0,0,0,0,1,0,0,0,0,0,5,9,0,true
/home/leticiafraga/LAB/qualidade-sistemas-java/./repos/chatgpt-java/src/main/java/com/plexpt/chatgpt/util/ChatContextHolder.java,com.plexpt.chatgpt.util.ChatContextHolder,get/1[java.lang.String],false,18,1,0,0,0,2,2,8,1,1,1,2,0,0,0,1,0,0,0,0,2,0,1,0,0,0,4,9,0,true
/home/leticiafraga/LAB/qualidade-sistemas-java/./repos/chatgpt-java/src/main/java/com/plexpt/chatgpt/entity/chat/ChatCompletionResponse.java,com.plexpt.chatgpt.entity.chat.ChatCompletionResponse,toPlainStringStream/0,false,46,0,1,1,0,2,6,6,2,1,0,6,0,0,0,0,0,0,2,1,0,0,1,0,0,1,5,1,0,false
/home/leticiafraga/LAB/qualidade-sistemas-java/./repos/chatgpt-java/src/main/java/com/plexpt/chatgpt/entity/chat/ChatCompletionResponse.java,com.plexpt.chatgpt.entity.chat.ChatCompletionResponse,toPlainString/0,false,33,0,0,0,0,2,6,6,2,1,0,6,0,0,0,0,0,0,2,1,0,0,1,0,0,1,4,1,0,false
/home/leticiafraga/LAB/qualidade-sistemas-java/./repos/chatgpt-java/src/main/java/com/plexpt/chatgpt/entity/chat/Content.java,com.plexpt.chatgpt.entity.chat.Content,ofText/1[java.lang.String],false,40,1,2,1,1,1,2,6,1,1,1,2,0,0,0,0,0,0,0,0,1,0,0,0,0,0,5,9,0,false
/home/leticiafraga/LAB/qualidade-sistemas-java/./repos/chatgpt-java/src/main/java/com/plexpt/chatgpt/entity/chat/Content.java,com.plexpt.chatgpt.entity.chat.Content,ofImage/1[java.lang.String],false,47,2,3,1,2,1,3,6,1,1,1,3,0,0,0,0,0,0,0,0,1,0,0,0,0,0,5,9,0,false
/home/leticiafraga/LAB/qualidade-sistemas-java/./repos/chatgpt-java/src/main/java/com/plexpt/chatgpt/entity/chat/Content.java,com.plexpt.chatgpt.entity.chat.Content,"textWithImages/2[java.lang.String,java.util.List<java.lang.String>]",false,55,1,2,0,2,2,3,10,1,3,2,3,2,1,1,0,0,0,0,0,3,0,1,0,0,0,9,9,0,false
/home/leticiafraga/LAB/qualidade-sistemas-java/./repos/chatgpt-java/src/main/java/com/plexpt/chatgpt/entity/chat/ChatCompletion.java,com.plexpt.chatgpt.entity.chat.ChatCompletion,countTokens/0,false,186,1,2,1,1,1,1,3,1,0,0,1,0,0,0,0,0,0,0,0,0,0,0,0,0,0,2,1,0,true
/home/leticiafraga/LAB/qualidade-sistemas-java/./repos/chatgpt-java/src/main/java/com/plexpt/chatgpt/util/fastjson/exception/ParseException.java,com.plexpt.chatgpt.util.fastjson.exception.ParseException,ParseException/1[java.lang.String],true,16,0,10,10,0,1,0,3,0,0,1,0,0,0,0,0,0,0,0,0,0,0,0,0,0,0,3,1,0,false
/home/leticiafraga/LAB/qualidade-sistemas-java/./repos/chatgpt-java/src/main/java/com/plexpt/chatgpt/util/fastjson/exception/ParseException.java,com.plexpt.chatgpt.util.fastjson.exception.ParseException,getCause/0,false,41,0,0,0,0,1,1,3,1,0,0,1,0,0,0,0,0,0,0,0,0,0,0,0,0,0,3,33,0,false
/home/leticiafraga/LAB/qualidade-sistemas-java/./repos/chatgpt-java/src/main/java/com/plexpt/chatgpt/util/fastjson/exception/ParseException.java,com.plexpt.chatgpt.util.fastjson.exception.ParseException,getMessage/0,false,31,0,0,0,0,1,1,3,1,0,0,1,0,0,0,0,0,0,0,0,0,0,0,0,0,0,2,1,0,false
/home/leticiafraga/LAB/qualidade-sistemas-java/./repos/chatgpt-java/src/main/java/com/plexpt/chatgpt/util/fastjson/exception/ParseException.java,com.plexpt.chatgpt.util.fastjson.exception.ParseException,printStackTrace/1[java.io.PrintWriter],false,56,0,0,0,0,1,1,3,0,0,1,1,0,0,0,0,0,0,0,0,0,0,0,0,0,0,6,1,0,false
/home/leticiafraga/LAB/qualidade-sistemas-java/./repos/chatgpt-java/src/main/java/com/plexpt/chatgpt/util/fastjson/exception/ParseException.java,com.plexpt.chatgpt.util.fastjson.exception.ParseException,ParseException/1[java.lang.Exception],true,11,0,8,8,0,1,0,3,0,0,1,0,0,0,0,0,0,0,0,0,1,0,0,0,0,0,3,1,0,false
/home/leticiafraga/LAB/qualidade-sistemas-java/./repos/chatgpt-java/src/main/java/com/plexpt/chatgpt/util/fastjson/exception/ParseException.java,com.plexpt.chatgpt.util.fastjson.exception.ParseException,getLocalizedMessage/0,false,36,0,0,0,0,1,1,3,1,0,0,1,0,0,0,0,0,0,0,0,0,0,0,0,0,0,3,1,0,false
/home/leticiafraga/LAB/qualidade-sistemas-java/./repos/chatgpt-java/src/main/java/com/plexpt/chatgpt/util/fastjson/exception/ParseException.java,com.plexpt.chatgpt.util.fastjson.exception.ParseException,toString/0,false,26,0,0,0,0,1,1,3,1,0,0,1,0,0,0,0,0,0,0,0,0,0,0,0,0,0,2,1,0,false
/home/leticiafraga/LAB/qualidade-sistemas-java/./repos/chatgpt-java/src/main/java/com/plexpt/chatgpt/util/fastjson/exception/ParseException.java,com.plexpt.chatgpt.util.fastjson.exception.ParseException,initCause/1[java.lang.Throwable],false,46,0,0,0,0,1,1,3,1,0,1,1,0,0,0,0,0,0,0,0,0,0,0,0,0,0,4,33,0,false
/home/leticiafraga/LAB/qualidade-sistemas-java/./repos/chatgpt-java/src/main/java/com/plexpt/chatgpt/util/fastjson/exception/ParseException.java,com.plexpt.chatgpt.util.fastjson.exception.ParseException,printStackTrace/0,false,21,0,0,0,0,1,1,3,0,0,0,1,0,0,0,0,0,0,0,0,0,0,0,0,0,0,3,1,0,false
/home/leticiafraga/LAB/qualidade-sistemas-java/./repos/chatgpt-java/src/main/java/com/plexpt/chatgpt/util/fastjson/exception/ParseException.java,com.plexpt.chatgpt.util.fastjson.exception.ParseException,printStackTrace/1[java.io.PrintStream],false,51,0,0,0,0,1,1,3,0,0,1,1,0,0,0,0,0,0,0,0,0,0,0,0,0,0,6,1,0,false
/home/leticiafraga/LAB/qualidade-sistemas-java/./repos/chatgpt-java/src/main/java/com/plexpt/chatgpt/exception/ChatException.java,com.plexpt.chatgpt.exception.ChatException,ChatException/1[java.lang.String],true,16,0,0,0,0,1,0,3,0,0,1,0,0,0,0,0,0,0,0,0,0,0,0,0,0,0,19,1,0,true
/home/leticiafraga/LAB/qualidade-sistemas-java/./repos/chatgpt-java/src/main/java/com/plexpt/chatgpt/listener/AbstractStreamListener.java,com.plexpt.chatgpt.listener.AbstractStreamListener,onMsg/1[java.lang.String],false,39,0,1,1,0,1,0,1,0,0,1,0,0,0,0,0,0,0,0,0,0,0,0,0,0,0,8,1025,0,true
/home/leticiafraga/LAB/qualidade-sistemas-java/./repos/chatgpt-java/src/main/java/com/plexpt/chatgpt/listener/AbstractStreamListener.java,com.plexpt.chatgpt.listener.AbstractStreamListener,"onFailure/3[com.plexpt.chatgpt.listener.EventSource,java.lang.Throwable,com.plexpt.chatgpt.listener.Response]",false,90,4,1,0,1,3,7,17,0,1,3,7,1,1,0,0,1,0,4,0,2,0,2,0,0,0,9,1,3,false
/home/leticiafraga/LAB/qualidade-sistemas-java/./repos/chatgpt-java/src/main/java/com/plexpt/chatgpt/listener/AbstractStreamListener.java,com.plexpt.chatgpt.listener.AbstractStreamListener,"onEvent/4[com.plexpt.chatgpt.listener.EventSource,java.lang.String,java.lang.String,java.lang.String]",false,67,4,3,0,3,3,6,12,1,2,4,6,1,1,0,0,0,0,1,0,3,0,1,0,0,0,12,1,0,false
/home/leticiafraga/LAB/qualidade-sistemas-java/./repos/chatgpt-java/src/main/java/com/plexpt/chatgpt/listener/AbstractStreamListener.java,com.plexpt.chatgpt.listener.AbstractStreamListener,onClosed/1[com.plexpt.chatgpt.listener.EventSource],false,62,1,0,0,0,1,0,2,0,0,1,0,0,0,0,0,0,0,0,0,0,0,0,0,0,0,5,1,0,false
/home/leticiafraga/LAB/qualidade-sistemas-java/./repos/chatgpt-java/src/main/java/com/plexpt/chatgpt/listener/AbstractStreamListener.java,com.plexpt.chatgpt.listener.AbstractStreamListener,"onError/2[java.lang.Throwable,java.lang.String]",false,47,0,1,1,0,1,0,1,0,0,2,0,0,0,0,0,0,0,0,0,0,0,0,0,0,0,15,1025,0,true
/home/leticiafraga/LAB/qualidade-sistemas-java/./repos/chatgpt-java/src/main/java/com/plexpt/chatgpt/listener/AbstractStreamListener.java,com.plexpt.chatgpt.listener.AbstractStreamListener,"onOpen/2[com.plexpt.chatgpt.listener.EventSource,com.plexpt.chatgpt.listener.Response]",false,57,2,0,0,0,1,0,2,0,0,2,0,0,0,0,0,0,0,0,0,0,0,0,0,0,0,5,1,0,false
/home/leticiafraga/LAB/qualidade-sistemas-java/./repos/chatgpt-java/src/main/java/com/plexpt/chatgpt/entity/images/ImagesRensponse.java,com.plexpt.chatgpt.entity.images.ImagesRensponse,getUrls/0,false,25,0,0,0,0,4,3,12,1,2,0,3,0,0,1,1,0,1,1,0,2,0,3,0,0,0,9,1,0,false
/home/leticiafraga/LAB/qualidade-sistemas-java/./repos/chatgpt-java/src/main/java/com/plexpt/chatgpt/ConsoleChatGPT.java,com.plexpt.chatgpt.ConsoleChatGPT,check/1[java.lang.String],false,139,0,1,1,0,3,1,5,0,0,1,1,0,0,0,1,0,0,1,0,0,0,1,0,0,0,5,10,0,false
/home/leticiafraga/LAB/qualidade-sistemas-java/./repos/chatgpt-java/src/main/java/com/plexpt/chatgpt/ConsoleChatGPT.java,com.plexpt.chatgpt.ConsoleChatGPT,getBalance/1[java.lang.String],false,128,1,1,0,1,1,6,4,1,1,1,6,0,0,0,0,0,0,0,0,1,0,0,0,0,0,11,10,0,false
/home/leticiafraga/LAB/qualidade-sistemas-java/./repos/chatgpt-java/src/main/java/com/plexpt/chatgpt/ConsoleChatGPT.java,com.plexpt.chatgpt.ConsoleChatGPT,main/1[java.lang.String[]],false,35,5,7,0,7,5,21,55,0,12,1,21,2,1,1,0,1,0,20,1,13,0,2,1,0,1,54,9,0,false
/home/leticiafraga/LAB/qualidade-sistemas-java/./repos/chatgpt-java/src/main/java/com/plexpt/chatgpt/ConsoleChatGPT.java,com.plexpt.chatgpt.ConsoleChatGPT,getInput/1[java.lang.String],false,146,1,1,1,0,4,8,15,1,3,1,8,0,0,1,1,1,1,1,0,3,0,2,0,0,0,14,9,0,false
/home/leticiafraga/LAB/qualidade-sistemas-java/./repos/chatgpt-java/src/main/java/com/plexpt/chatgpt/util/TokensUtil.java,com.plexpt.chatgpt.util.TokensUtil,getModelTypeByName/1[java.lang.String],false,55,1,0,0,0,1,2,4,1,1,1,2,0,0,0,0,0,0,0,0,1,0,0,0,0,0,7,9,0,true
/home/leticiafraga/LAB/qualidade-sistemas-java/./repos/chatgpt-java/src/main/java/com/plexpt/chatgpt/util/TokensUtil.java,com.plexpt.chatgpt.util.TokensUtil,"countTextTokens/2[java.lang.String,java.lang.String]",false,40,0,0,0,0,2,3,6,2,0,2,3,0,0,0,0,0,0,0,0,0,0,1,0,0,0,5,9,0,true
/home/leticiafraga/LAB/qualidade-sistemas-java/./repos/chatgpt-java/src/main/java/com/plexpt/chatgpt/util/TokensUtil.java,com.plexpt.chatgpt.util.TokensUtil,"tokens/2[java.lang.String,java.util.List<com.plexpt.chatgpt.entity.chat.Message>]",false,113,2,2,1,1,1,1,3,1,0,2,1,1,1,0,0,0,0,0,0,0,0,0,0,0,0,4,9,0,true
/home/leticiafraga/LAB/qualidade-sistemas-java/./repos/chatgpt-java/src/main/java/com/plexpt/chatgpt/util/TokensUtil.java,com.plexpt.chatgpt.util.TokensUtil,countTextTokens/1[java.lang.String],false,30,0,0,0,0,1,1,3,1,0,1,1,0,0,0,0,0,0,0,0,0,0,0,0,0,0,4,9,0,true
/home/leticiafraga/LAB/qualidade-sistemas-java/./repos/chatgpt-java/src/main/java/com/plexpt/chatgpt/util/TokensUtil.java,com.plexpt.chatgpt.util.TokensUtil,"tokens/2[java.util.List<com.plexpt.chatgpt.entity.chat.Message>,java.lang.String]",false,69,2,1,1,0,6,6,27,2,4,2,6,0,0,1,0,0,0,0,7,13,0,2,0,0,0,19,9,0,true
/home/leticiafraga/LAB/qualidade-sistemas-java/./repos/chatgpt-java/src/main/java/com/plexpt/chatgpt/ChatGPT.java,com.plexpt.chatgpt.ChatGPT,creditGrants/0,false,291,3,1,0,1,1,2,4,1,1,0,2,0,0,0,0,0,0,0,0,1,0,0,0,0,0,4,1,0,true
/home/leticiafraga/LAB/qualidade-sistemas-java/./repos/chatgpt-java/src/main/java/com/plexpt/chatgpt/ChatGPT.java,com.plexpt.chatgpt.ChatGPT,deleteFile/1[java.lang.String],false,331,2,1,0,1,1,2,3,1,0,1,2,0,0,0,0,0,0,0,0,0,0,0,0,0,0,9,1,0,true
/home/leticiafraga/LAB/qualidade-sistemas-java/./repos/chatgpt-java/src/main/java/com/plexpt/chatgpt/ChatGPT.java,com.plexpt.chatgpt.ChatGPT,balance/1[java.lang.String],false,276,1,1,0,1,1,5,4,1,1,1,5,1,1,0,0,0,0,0,0,1,0,0,0,0,0,9,9,0,true
/home/leticiafraga/LAB/qualidade-sistemas-java/./repos/chatgpt-java/src/main/java/com/plexpt/chatgpt/ChatGPT.java,com.plexpt.chatgpt.ChatGPT,retrieveFile/1[java.lang.String],false,344,2,1,0,1,1,2,3,1,0,1,2,0,0,0,0,0,0,0,0,0,0,0,0,0,0,9,1,0,true
/home/leticiafraga/LAB/qualidade-sistemas-java/./repos/chatgpt-java/src/main/java/com/plexpt/chatgpt/ChatGPT.java,com.plexpt.chatgpt.ChatGPT,init/0,false,88,9,0,0,0,6,28,37,3,10,0,28,0,0,0,1,0,0,3,0,11,1,3,0,0,2,26,1,2,true
/home/leticiafraga/LAB/qualidade-sistemas-java/./repos/chatgpt-java/src/main/java/com/plexpt/chatgpt/ChatGPT.java,com.plexpt.chatgpt.ChatGPT,"audioTranslation/2[java.io.File,com.plexpt.chatgpt.entity.audio.Transcriptions]",false,242,6,1,0,1,1,6,6,1,3,2,6,0,0,0,0,0,0,2,0,3,0,0,0,0,0,16,1,0,false
/home/leticiafraga/LAB/qualidade-sistemas-java/./repos/chatgpt-java/src/main/java/com/plexpt/chatgpt/ChatGPT.java,com.plexpt.chatgpt.ChatGPT,retrieveFileContent/1[java.lang.String],false,357,2,1,0,1,1,2,3,1,0,1,2,0,0,0,0,0,0,0,0,0,0,0,0,0,0,12,1,0,true
/home/leticiafraga/LAB/qualidade-sistemas-java/./repos/chatgpt-java/src/main/java/com/plexpt/chatgpt/ChatGPT.java,com.plexpt.chatgpt.ChatGPT,"audioTranscription/2[java.io.File,com.plexpt.chatgpt.entity.audio.Transcriptions]",false,227,6,2,1,1,1,6,6,1,3,2,6,0,0,0,0,0,0,2,0,3,0,0,0,0,0,16,1,0,false
/home/leticiafraga/LAB/qualidade-sistemas-java/./repos/chatgpt-java/src/main/java/com/plexpt/chatgpt/ChatGPT.java,com.plexpt.chatgpt.ChatGPT,"imageEdit/3[java.io.File,java.io.File,com.plexpt.chatgpt.entity.images.Edits]",false,206,6,1,0,1,1,6,8,1,5,3,6,0,0,0,0,0,0,4,0,5,0,0,0,0,0,18,1,0,false
/home/leticiafraga/LAB/qualidade-sistemas-java/./repos/chatgpt-java/src/main/java/com/plexpt/chatgpt/ChatGPT.java,com.plexpt.chatgpt.ChatGPT,chatCompletion/1[java.util.List<com.plexpt.chatgpt.entity.chat.Message>],false,158,4,1,0,1,1,4,4,1,1,1,4,1,1,0,0,0,0,0,0,1,0,0,0,0,0,5,1,0,true
/home/leticiafraga/LAB/qualidade-sistemas-java/./repos/chatgpt-java/src/main/java/com/plexpt/chatgpt/ChatGPT.java,com.plexpt.chatgpt.ChatGPT,createEmbeddings/1[com.plexpt.chatgpt.entity.embedding.EmbeddingRequest],false,181,4,1,0,1,1,2,4,1,1,1,2,0,0,0,0,0,0,0,0,1,0,0,0,0,0,8,1,0,true
/home/leticiafraga/LAB/qualidade-sistemas-java/./repos/chatgpt-java/src/main/java/com/plexpt/chatgpt/ChatGPT.java,com.plexpt.chatgpt.ChatGPT,chat/1[java.lang.String],false,169,4,3,1,2,1,10,5,1,2,1,10,1,1,0,0,0,0,0,1,2,0,0,0,0,0,6,1,0,true
/home/leticiafraga/LAB/qualidade-sistemas-java/./repos/chatgpt-java/src/main/java/com/plexpt/chatgpt/ChatGPT.java,com.plexpt.chatgpt.ChatGPT,"uploadFile/2[java.lang.String,MultipartBody.Part]",false,316,5,1,0,1,1,3,5,1,2,2,3,0,0,0,0,0,0,0,0,2,0,0,0,0,0,13,1,0,true
/home/leticiafraga/LAB/qualidade-sistemas-java/./repos/chatgpt-java/src/main/java/com/plexpt/chatgpt/ChatGPT.java,com.plexpt.chatgpt.ChatGPT,balance/0,false,256,6,5,2,3,1,10,11,1,8,0,10,0,0,0,0,0,0,0,3,8,0,0,0,0,0,17,1,0,true
/home/leticiafraga/LAB/qualidade-sistemas-java/./repos/chatgpt-java/src/main/java/com/plexpt/chatgpt/ChatGPT.java,com.plexpt.chatgpt.ChatGPT,"createEmbeddings/2[java.lang.String,java.lang.String]",false,190,4,1,0,1,1,9,5,1,2,2,9,0,0,0,0,0,0,0,0,2,0,0,0,0,0,10,1,0,true
/home/leticiafraga/LAB/qualidade-sistemas-java/./repos/chatgpt-java/src/main/java/com/plexpt/chatgpt/ChatGPT.java,com.plexpt.chatgpt.ChatGPT,"imageVariation/2[java.io.File,com.plexpt.chatgpt.entity.images.Variations]",false,218,6,2,1,1,1,6,6,1,3,2,6,0,0,0,0,0,0,2,0,3,0,0,0,0,0,17,1,0,false
/home/leticiafraga/LAB/qualidade-sistemas-java/./repos/chatgpt-java/src/main/java/com/plexpt/chatgpt/ChatGPT.java,com.plexpt.chatgpt.ChatGPT,imageGeneration/1[com.plexpt.chatgpt.entity.images.Generations],false,201,4,1,0,1,1,2,4,1,1,1,2,0,0,0,0,0,0,0,0,1,0,0,0,0,0,7,1,0,false
/home/leticiafraga/LAB/qualidade-sistemas-java/./repos/chatgpt-java/src/main/java/com/plexpt/chatgpt/ChatGPT.java,com.plexpt.chatgpt.ChatGPT,listFiles/0,false,300,4,1,0,1,1,2,4,1,1,0,2,0,0,0,0,0,0,0,0,1,0,0,0,0,0,4,1,0,true
/home/leticiafraga/LAB/qualidade-sistemas-java/./repos/chatgpt-java/src/main/java/com/plexpt/chatgpt/ChatGPT.java,com.plexpt.chatgpt.ChatGPT,audioSpeech/1[com.plexpt.chatgpt.entity.audio.SpeechRequest],false,235,4,1,0,1,1,3,6,1,3,1,3,0,0,0,0,0,0,0,0,3,0,0,0,0,0,10,1,0,false
/home/leticiafraga/LAB/qualidade-sistemas-java/./repos/chatgpt-java/src/main/java/com/plexpt/chatgpt/ChatGPT.java,com.plexpt.chatgpt.ChatGPT,chatCompletion/1[com.plexpt.chatgpt.entity.chat.ChatCompletion],false,146,4,6,5,1,1,2,4,1,1,1,2,0,0,0,0,0,0,0,0,1,0,0,0,0,0,5,1,0,true
/home/leticiafraga/LAB/qualidade-sistemas-java/./repos/chatgpt-java/src/test/java/com/plexpt/chatgpt/Test.java,com.plexpt.chatgpt.Test,img/0,false,64,5,3,0,3,2,10,13,0,5,0,10,0,0,1,0,0,0,4,2,5,0,1,0,0,0,13,1,0,false
/home/leticiafraga/LAB/qualidade-sistemas-java/./repos/chatgpt-java/src/test/java/com/plexpt/chatgpt/Test.java,com.plexpt.chatgpt.Test,audio/0,false,81,4,2,0,2,1,5,6,0,3,0,5,0,0,0,0,0,0,2,0,3,0,0,0,0,0,8,1,0,false
/home/leticiafraga/LAB/qualidade-sistemas-java/./repos/chatgpt-java/src/test/java/com/plexpt/chatgpt/Test.java,com.plexpt.chatgpt.Test,before/0,false,32,2,1,0,1,1,8,4,0,1,0,8,0,0,0,0,0,0,3,2,2,0,0,0,0,0,7,1,0,false
/home/leticiafraga/LAB/qualidade-sistemas-java/./repos/chatgpt-java/src/test/java/com/plexpt/chatgpt/Test.java,com.plexpt.chatgpt.Test,tokens/0,false,98,3,3,0,3,1,12,8,0,4,0,12,0,0,0,0,0,0,4,4,4,0,0,0,0,0,9,1,2,true
/home/leticiafraga/LAB/qualidade-sistemas-java/./repos/chatgpt-java/src/test/java/com/plexpt/chatgpt/Test.java,com.plexpt.chatgpt.Test,chat/0,false,48,5,3,0,3,1,14,8,0,5,0,14,0,0,0,0,0,0,2,3,5,0,0,0,0,0,9,1,0,false
/home/leticiafraga/LAB/qualidade-sistemas-java/./repos/chatgpt-java/src/test/java/com/plexpt/chatgpt/Test.java,com.plexpt.chatgpt.Test,main/1[java.lang.String[]],false,24,0,0,0,0,1,1,3,0,0,1,1,0,0,0,0,0,0,1,0,0,0,0,0,0,0,2,9,0,false
/home/leticiafraga/LAB/qualidade-sistemas-java/./repos/chatgpt-java/src/test/java/com/plexpt/chatgpt/Test.java,com.plexpt.chatgpt.Test,chatmsg/0,false,89,2,1,0,1,1,2,4,0,1,0,2,0,0,0,0,0,0,1,0,1,0,0,0,0,0,2,1,0,false
/home/leticiafraga/LAB/qualidade-sistemas-java/./repos/chatgpt-java/src/main/java/com/plexpt/chatgpt/entity/chat/ImageUrl.java,com.plexpt.chatgpt.entity.chat.ImageUrl,ofURL/1[java.lang.String],false,24,1,2,1,1,1,1,5,1,1,1,1,0,0,0,0,0,0,0,0,1,0,0,0,0,0,7,9,0,false
/home/leticiafraga/LAB/qualidade-sistemas-java/./repos/chatgpt-java/src/main/java/com/plexpt/chatgpt/listener/SseStreamListener.java,com.plexpt.chatgpt.listener.SseStreamListener,onMsg/1[java.lang.String],false,23,1,1,0,1,1,1,3,0,0,1,1,0,0,0,0,0,0,0,0,0,0,0,0,0,0,3,1,0,false
/home/leticiafraga/LAB/qualidade-sistemas-java/./repos/chatgpt-java/src/main/java/com/plexpt/chatgpt/listener/SseStreamListener.java,com.plexpt.chatgpt.listener.SseStreamListener,"onError/2[java.lang.Throwable,java.lang.String]",false,28,1,1,0,1,1,1,3,0,0,2,1,0,0,0,0,0,0,0,0,0,0,0,0,0,0,6,1,0,false
/home/leticiafraga/LAB/qualidade-sistemas-java/./repos/chatgpt-java/src/main/java/com/plexpt/chatgpt/entity/images/Variations.java,com.plexpt.chatgpt.entity.images.Variations,"Variations/3[int,java.lang.String,java.lang.String]",true,22,0,2,2,0,1,4,5,0,0,3,4,0,0,0,0,0,0,6,0,0,0,0,0,0,0,9,1,0,false
/home/leticiafraga/LAB/qualidade-sistemas-java/./repos/chatgpt-java/src/main/java/com/plexpt/chatgpt/entity/images/Variations.java,com.plexpt.chatgpt.entity.images.Variations,"ofURL/2[int,java.lang.String]",false,28,1,2,1,1,1,1,3,1,0,2,1,0,0,0,0,0,0,0,0,0,0,0,0,0,0,6,9,0,false
/home/leticiafraga/LAB/qualidade-sistemas-java/./repos/chatgpt-java/src/main/java/com/plexpt/chatgpt/entity/images/Variations.java,com.plexpt.chatgpt.entity.images.Variations,"ofB64_JSON/2[int,java.lang.String]",false,32,1,1,0,1,1,1,3,1,0,2,1,0,0,0,0,0,0,0,0,0,0,0,0,0,0,9,9,0,false
/home/leticiafraga/LAB/qualidade-sistemas-java/./repos/chatgpt-java/src/main/java/com/plexpt/chatgpt/api/Api.java,com.plexpt.chatgpt.api.Api,deleteFile/1[java.lang.String],false,138,4,1,1,0,1,0,1,0,0,1,0,0,0,0,0,0,0,2,0,0,0,0,0,0,0,8,0,0,true
/home/leticiafraga/LAB/qualidade-sistemas-java/./repos/chatgpt-java/src/main/java/com/plexpt/chatgpt/api/Api.java,com.plexpt.chatgpt.api.Api,audioSpeech/1[com.plexpt.chatgpt.entity.audio.SpeechRequest],false,69,5,1,1,0,1,0,1,0,0,1,0,0,0,0,0,0,0,1,0,0,0,0,0,0,0,5,0,0,true
/home/leticiafraga/LAB/qualidade-sistemas-java/./repos/chatgpt-java/src/main/java/com/plexpt/chatgpt/api/Api.java,com.plexpt.chatgpt.api.Api,subscription/0,false,101,3,1,1,0,1,0,1,0,0,0,0,0,0,0,0,0,0,1,0,0,0,0,0,0,0,5,0,0,true
/home/leticiafraga/LAB/qualidade-sistemas-java/./repos/chatgpt-java/src/main/java/com/plexpt/chatgpt/api/Api.java,com.plexpt.chatgpt.api.Api,"audioTranslations/2[MultipartBody.Part,com.plexpt.chatgpt.entity.audio.Transcriptions]",false,85,8,1,1,0,1,0,1,0,0,2,0,0,0,0,0,0,0,1,0,0,0,0,0,0,0,6,0,0,true
/home/leticiafraga/LAB/qualidade-sistemas-java/./repos/chatgpt-java/src/main/java/com/plexpt/chatgpt/api/Api.java,com.plexpt.chatgpt.api.Api,"imageEdits/3[MultipartBody.Part,MultipartBody.Part,com.plexpt.chatgpt.entity.images.Edits]",false,50,8,1,1,0,1,0,1,0,0,3,0,0,0,0,0,0,0,1,0,0,0,0,0,0,0,5,0,0,true
/home/leticiafraga/LAB/qualidade-sistemas-java/./repos/chatgpt-java/src/main/java/com/plexpt/chatgpt/api/Api.java,com.plexpt.chatgpt.api.Api,"usage/2[java.lang.String,java.lang.String]",false,108,4,1,1,0,1,0,1,0,0,2,0,0,0,0,0,0,0,3,0,0,0,0,0,0,0,7,0,0,true
/home/leticiafraga/LAB/qualidade-sistemas-java/./repos/chatgpt-java/src/main/java/com/plexpt/chatgpt/api/Api.java,com.plexpt.chatgpt.api.Api,"audioTranscriptions/2[MultipartBody.Part,com.plexpt.chatgpt.entity.audio.Transcriptions]",false,76,8,1,1,0,1,0,1,0,0,2,0,0,0,0,0,0,0,1,0,0,0,0,0,0,0,4,0,0,true
/home/leticiafraga/LAB/qualidade-sistemas-java/./repos/chatgpt-java/src/main/java/com/plexpt/chatgpt/api/Api.java,com.plexpt.chatgpt.api.Api,chatCompletion/1[com.plexpt.chatgpt.entity.chat.ChatCompletion],false,36,5,1,1,0,1,0,1,0,0,1,0,0,0,0,0,0,0,1,0,0,0,0,0,0,0,3,0,0,true
/home/leticiafraga/LAB/qualidade-sistemas-java/./repos/chatgpt-java/src/main/java/com/plexpt/chatgpt/api/Api.java,com.plexpt.chatgpt.api.Api,imageGenerations/1[com.plexpt.chatgpt.entity.images.Generations],false,43,5,1,1,0,1,0,1,0,0,1,0,0,0,0,0,0,0,1,0,0,0,0,0,0,0,5,0,0,true
/home/leticiafraga/LAB/qualidade-sistemas-java/./repos/chatgpt-java/src/main/java/com/plexpt/chatgpt/api/Api.java,com.plexpt.chatgpt.api.Api,createEmbeddings/1[com.plexpt.chatgpt.entity.embedding.EmbeddingRequest],false,116,5,2,2,0,1,0,1,0,0,1,0,0,0,0,0,0,0,1,0,0,0,0,0,0,0,7,0,0,true
/home/leticiafraga/LAB/qualidade-sistemas-java/./repos/chatgpt-java/src/main/java/com/plexpt/chatgpt/api/Api.java,com.plexpt.chatgpt.api.Api,listFiles/0,false,123,4,1,1,0,1,0,1,0,0,0,0,0,0,0,0,0,0,1,0,0,0,0,0,0,0,5,0,0,true
/home/leticiafraga/LAB/qualidade-sistemas-java/./repos/chatgpt-java/src/main/java/com/plexpt/chatgpt/api/Api.java,com.plexpt.chatgpt.api.Api,"uploadFile/2[com.plexpt.chatgpt.api.RequestBody,MultipartBody.Part]",false,130,7,1,1,0,1,0,1,0,0,2,0,0,0,0,0,0,0,2,0,0,0,0,0,0,0,7,0,0,true
/home/leticiafraga/LAB/qualidade-sistemas-java/./repos/chatgpt-java/src/main/java/com/plexpt/chatgpt/api/Api.java,com.plexpt.chatgpt.api.Api,"imageVariations/2[MultipartBody.Part,com.plexpt.chatgpt.entity.images.Variations]",false,60,8,1,1,0,1,0,1,0,0,2,0,0,0,0,0,0,0,1,0,0,0,0,0,0,0,5,0,0,true
/home/leticiafraga/LAB/qualidade-sistemas-java/./repos/chatgpt-java/src/main/java/com/plexpt/chatgpt/api/Api.java,com.plexpt.chatgpt.api.Api,retrieveFileContent/1[java.lang.String],false,152,5,1,1,0,1,0,1,0,0,1,0,0,0,0,0,0,0,2,0,0,0,0,0,0,0,10,0,0,true
/home/leticiafraga/LAB/qualidade-sistemas-java/./repos/chatgpt-java/src/main/java/com/plexpt/chatgpt/api/Api.java,com.plexpt.chatgpt.api.Api,creditGrants/0,false,94,3,1,1,0,1,0,1,0,0,0,0,0,0,0,0,0,0,1,0,0,0,0,0,0,0,6,0,0,true
/home/leticiafraga/LAB/qualidade-sistemas-java/./repos/chatgpt-java/src/main/java/com/plexpt/chatgpt/api/Api.java,com.plexpt.chatgpt.api.Api,retrieveFile/1[java.lang.String],false,145,4,1,1,0,1,0,1,0,0,1,0,0,0,0,0,0,0,2,0,0,0,0,0,0,0,8,0,0,true
/home/leticiafraga/LAB/qualidade-sistemas-java/./repos/chatgpt-java/src/main/java/com/plexpt/chatgpt/util/FormatDateUtil.java,com.plexpt.chatgpt.util.FormatDateUtil,formatDate/1[java.util.Date],false,13,0,1,1,0,1,2,4,1,1,1,2,0,0,0,0,0,0,1,0,1,0,0,0,0,0,8,9,0,true
/home/leticiafraga/LAB/qualidade-sistemas-java/./repos/chatgpt-java/src/main/java/com/plexpt/chatgpt/util/Proxys.java,com.plexpt.chatgpt.util.Proxys,"socks5/2[java.lang.String,int]",false,31,0,1,1,0,1,0,3,1,0,2,0,0,0,0,0,0,0,0,0,0,0,0,0,0,0,7,9,0,true
/home/leticiafraga/LAB/qualidade-sistemas-java/./repos/chatgpt-java/src/main/java/com/plexpt/chatgpt/util/Proxys.java,com.plexpt.chatgpt.util.Proxys,"http/2[java.lang.String,int]",false,20,0,4,4,0,1,0,3,1,0,2,0,0,0,0,0,0,0,0,0,0,0,0,0,0,0,7,9,0,true
/home/leticiafraga/LAB/qualidade-sistemas-java/./repos/chatgpt-java/src/main/java/com/plexpt/chatgpt/listener/ConsoleStreamListener.java,com.plexpt.chatgpt.listener.ConsoleStreamListener,"onError/2[java.lang.Throwable,java.lang.String]",false,21,0,0,0,0,1,1,3,0,0,2,1,0,0,0,0,0,0,1,0,0,0,0,0,0,0,4,1,1,false
/home/leticiafraga/LAB/qualidade-sistemas-java/./repos/chatgpt-java/src/main/java/com/plexpt/chatgpt/listener/ConsoleStreamListener.java,com.plexpt.chatgpt.listener.ConsoleStreamListener,onMsg/1[java.lang.String],false,16,0,0,0,0,1,1,3,0,0,1,1,0,0,0,0,0,0,0,0,0,0,0,0,0,0,3,1,1,false
/home/leticiafraga/LAB/qualidade-sistemas-java/./repos/chatgpt-java/src/main/java/com/plexpt/chatgpt/util/fastjson/JSONObject.java,com.plexpt.chatgpt.util.fastjson.JSONObject,containsKey/1[java.lang.Object],false,258,0,0,0,0,1,1,3,1,0,1,1,0,0,0,0,0,0,0,0,0,0,0,0,0,0,4,1,0,false
/home/leticiafraga/LAB/qualidade-sistemas-java/./repos/chatgpt-java/src/main/java/com/plexpt/chatgpt/util/fastjson/JSONObject.java,com.plexpt.chatgpt.util.fastjson.JSONObject,getBooleanValue/1[java.lang.String],false,95,2,2,0,2,2,3,8,2,2,1,3,1,1,0,1,0,0,0,0,2,0,1,0,0,0,12,1,0,false
/home/leticiafraga/LAB/qualidade-sistemas-java/./repos/chatgpt-java/src/main/java/com/plexpt/chatgpt/util/fastjson/JSONObject.java,com.plexpt.chatgpt.util.fastjson.JSONObject,getDouble/1[java.lang.String],false,191,2,2,0,2,1,2,4,1,1,1,2,1,1,0,0,0,0,0,0,1,0,0,0,0,0,7,1,0,false
/home/leticiafraga/LAB/qualidade-sistemas-java/./repos/chatgpt-java/src/main/java/com/plexpt/chatgpt/util/fastjson/JSONObject.java,com.plexpt.chatgpt.util.fastjson.JSONObject,equals/1[java.lang.Object],false,303,0,0,0,0,1,1,3,1,0,1,1,0,0,0,0,0,0,0,0,0,0,0,0,0,0,3,1,0,false
/home/leticiafraga/LAB/qualidade-sistemas-java/./repos/chatgpt-java/src/main/java/com/plexpt/chatgpt/util/fastjson/JSONObject.java,com.plexpt.chatgpt.util.fastjson.JSONObject,getDoubleValue/1[java.lang.String],false,197,2,2,0,2,2,3,8,2,2,1,3,1,1,0,1,0,0,0,1,2,0,1,0,0,0,12,1,0,false
/home/leticiafraga/LAB/qualidade-sistemas-java/./repos/chatgpt-java/src/main/java/com/plexpt/chatgpt/util/fastjson/JSONObject.java,com.plexpt.chatgpt.util.fastjson.JSONObject,getByteValue/1[java.lang.String],false,112,2,2,0,2,2,3,8,2,2,1,3,1,1,0,1,0,0,0,1,2,0,1,0,0,0,11,1,0,false
/home/leticiafraga/LAB/qualidade-sistemas-java/./repos/chatgpt-java/src/main/java/com/plexpt/chatgpt/util/fastjson/JSONObject.java,com.plexpt.chatgpt.util.fastjson.JSONObject,"putAll/1[java.util.Map<? extends java.lang.String,?>]",false,278,0,0,0,0,1,1,3,0,0,1,1,0,0,0,0,0,0,0,0,0,0,0,0,0,0,3,1,0,false
/home/leticiafraga/LAB/qualidade-sistemas-java/./repos/chatgpt-java/src/main/java/com/plexpt/chatgpt/util/fastjson/JSONObject.java,com.plexpt.chatgpt.util.fastjson.JSONObject,getBigDecimal/1[java.lang.String],false,208,2,2,0,2,1,2,4,1,1,1,2,1,1,0,0,0,0,0,0,1,0,0,0,0,0,8,1,0,false
/home/leticiafraga/LAB/qualidade-sistemas-java/./repos/chatgpt-java/src/main/java/com/plexpt/chatgpt/util/fastjson/JSONObject.java,com.plexpt.chatgpt.util.fastjson.JSONObject,getFloat/1[java.lang.String],false,174,2,2,0,2,1,2,4,1,1,1,2,1,1,0,0,0,0,0,0,1,0,0,0,0,0,7,1,0,false
/home/leticiafraga/LAB/qualidade-sistemas-java/./repos/chatgpt-java/src/main/java/com/plexpt/chatgpt/util/fastjson/JSONObject.java,com.plexpt.chatgpt.util.fastjson.JSONObject,"JSONObject/1[java.util.Map<java.lang.String,java.lang.Object>]",true,15,0,2,2,0,1,0,3,0,0,1,0,0,0,0,0,0,0,0,0,1,0,0,0,0,0,6,1,0,false
/home/leticiafraga/LAB/qualidade-sistemas-java/./repos/chatgpt-java/src/main/java/com/plexpt/chatgpt/util/fastjson/JSONObject.java,com.plexpt.chatgpt.util.fastjson.JSONObject,"getObject/2[java.lang.String,java.lang.Class<T>]",false,71,2,2,0,2,3,4,10,3,1,2,4,0,0,0,2,0,0,0,0,1,0,1,0,0,0,6,1,0,false
/home/leticiafraga/LAB/qualidade-sistemas-java/./repos/chatgpt-java/src/main/java/com/plexpt/chatgpt/util/fastjson/JSONObject.java,com.plexpt.chatgpt.util.fastjson.JSONObject,entrySet/0,false,298,0,0,0,0,1,1,3,1,0,0,1,0,0,0,0,0,0,0,0,0,0,0,0,0,0,2,1,0,false
/home/leticiafraga/LAB/qualidade-sistemas-java/./repos/chatgpt-java/src/main/java/com/plexpt/chatgpt/util/fastjson/JSONObject.java,com.plexpt.chatgpt.util.fastjson.JSONObject,isEmpty/0,false,253,0,0,0,0,1,1,3,1,0,0,1,0,0,0,0,0,0,0,0,0,0,0,0,0,0,2,1,0,false
/home/leticiafraga/LAB/qualidade-sistemas-java/./repos/chatgpt-java/src/main/java/com/plexpt/chatgpt/util/fastjson/JSONObject.java,com.plexpt.chatgpt.util.fastjson.JSONObject,getLong/1[java.lang.String],false,157,2,2,0,2,1,2,4,1,1,1,2,1,1,0,0,0,0,0,0,1,0,0,0,0,0,7,1,0,false
/home/leticiafraga/LAB/qualidade-sistemas-java/./repos/chatgpt-java/src/main/java/com/plexpt/chatgpt/util/fastjson/JSONObject.java,com.plexpt.chatgpt.util.fastjson.JSONObject,keySet/0,false,288,0,0,0,0,1,1,3,1,0,0,1,0,0,0,0,0,0,0,0,0,0,0,0,0,0,2,1,0,false
/home/leticiafraga/LAB/qualidade-sistemas-java/./repos/chatgpt-java/src/main/java/com/plexpt/chatgpt/util/fastjson/JSONObject.java,com.plexpt.chatgpt.util.fastjson.JSONObject,getJSONArray/1[java.lang.String],false,49,2,4,0,4,5,3,16,5,1,1,3,0,0,0,1,0,0,0,0,1,0,1,0,0,0,11,1,0,false
/home/leticiafraga/LAB/qualidade-sistemas-java/./repos/chatgpt-java/src/main/java/com/plexpt/chatgpt/util/fastjson/JSONObject.java,com.plexpt.chatgpt.util.fastjson.JSONObject,getShortValue/1[java.lang.String],false,129,2,2,0,2,2,3,8,2,2,1,3,1,1,0,1,0,0,0,1,2,0,1,0,0,0,11,1,0,false
/home/leticiafraga/LAB/qualidade-sistemas-java/./repos/chatgpt-java/src/main/java/com/plexpt/chatgpt/util/fastjson/JSONObject.java,com.plexpt.chatgpt.util.fastjson.JSONObject,get/1[java.lang.Object],false,268,0,17,17,0,1,1,3,1,0,1,1,0,0,0,0,0,0,0,0,0,0,0,0,0,0,3,1,0,false
/home/leticiafraga/LAB/qualidade-sistemas-java/./repos/chatgpt-java/src/main/java/com/plexpt/chatgpt/util/fastjson/JSONObject.java,com.plexpt.chatgpt.util.fastjson.JSONObject,getIntValue/1[java.lang.String],false,146,2,2,0,2,2,3,8,2,2,1,3,1,1,0,1,0,0,0,1,2,0,1,0,0,0,12,1,0,false
/home/leticiafraga/LAB/qualidade-sistemas-java/./repos/chatgpt-java/src/main/java/com/plexpt/chatgpt/util/fastjson/JSONObject.java,com.plexpt.chatgpt.util.fastjson.JSONObject,toString/0,false,238,1,1,0,1,1,1,3,1,0,0,1,1,1,0,0,0,0,0,0,0,0,0,0,0,0,6,1,0,false
/home/leticiafraga/LAB/qualidade-sistemas-java/./repos/chatgpt-java/src/main/java/com/plexpt/chatgpt/util/fastjson/JSONObject.java,com.plexpt.chatgpt.util.fastjson.JSONObject,getShort/1[java.lang.String],false,123,2,2,0,2,1,2,4,1,1,1,2,1,1,0,0,0,0,0,0,1,0,0,0,0,0,7,1,0,false
/home/leticiafraga/LAB/qualidade-sistemas-java/./repos/chatgpt-java/src/main/java/com/plexpt/chatgpt/util/fastjson/JSONObject.java,com.plexpt.chatgpt.util.fastjson.JSONObject,toJavaObject/1[java.lang.Class<T>],false,230,4,2,0,2,4,2,6,2,0,1,2,1,1,0,3,0,0,0,0,0,0,1,0,0,0,11,1,0,false
/home/leticiafraga/LAB/qualidade-sistemas-java/./repos/chatgpt-java/src/main/java/com/plexpt/chatgpt/util/fastjson/JSONObject.java,com.plexpt.chatgpt.util.fastjson.JSONObject,getJSONObject/1[java.lang.String],false,31,2,3,0,3,4,3,13,4,1,1,3,0,0,0,0,0,0,0,0,1,0,1,0,0,0,9,1,0,false
/home/leticiafraga/LAB/qualidade-sistemas-java/./repos/chatgpt-java/src/main/java/com/plexpt/chatgpt/util/fastjson/JSONObject.java,com.plexpt.chatgpt.util.fastjson.JSONObject,getFloatValue/1[java.lang.String],false,180,2,2,0,2,2,3,8,2,2,1,3,1,1,0,1,0,0,0,1,2,0,1,0,0,0,12,1,0,false
/home/leticiafraga/LAB/qualidade-sistemas-java/./repos/chatgpt-java/src/main/java/com/plexpt/chatgpt/util/fastjson/JSONObject.java,com.plexpt.chatgpt.util.fastjson.JSONObject,size/0,false,248,0,0,0,0,1,1,3,1,0,0,1,0,0,0,0,0,0,0,0,0,0,0,0,0,0,1,1,0,false
/home/leticiafraga/LAB/qualidade-sistemas-java/./repos/chatgpt-java/src/main/java/com/plexpt/chatgpt/util/fastjson/JSONObject.java,com.plexpt.chatgpt.util.fastjson.JSONObject,containsValue/1[java.lang.Object],false,263,0,0,0,0,1,1,3,1,0,1,1,0,0,0,0,0,0,0,0,0,0,0,0,0,0,4,1,0,false
/home/leticiafraga/LAB/qualidade-sistemas-java/./repos/chatgpt-java/src/main/java/com/plexpt/chatgpt/util/fastjson/JSONObject.java,com.plexpt.chatgpt.util.fastjson.JSONObject,values/0,false,293,0,0,0,0,1,1,3,1,0,0,1,0,0,0,0,0,0,0,0,0,0,0,0,0,0,1,1,0,false
/home/leticiafraga/LAB/qualidade-sistemas-java/./repos/chatgpt-java/src/main/java/com/plexpt/chatgpt/util/fastjson/JSONObject.java,com.plexpt.chatgpt.util.fastjson.JSONObject,getByte/1[java.lang.String],false,106,2,2,0,2,1,2,4,1,1,1,2,1,1,0,0,0,0,0,0,1,0,0,0,0,0,7,1,0,false
/home/leticiafraga/LAB/qualidade-sistemas-java/./repos/chatgpt-java/src/main/java/com/plexpt/chatgpt/util/fastjson/JSONObject.java,com.plexpt.chatgpt.util.fastjson.JSONObject,JSONObject/1[int],true,23,0,1,1,0,1,0,3,0,0,1,0,0,0,0,0,0,0,0,0,1,0,0,0,0,0,7,1,0,false
/home/leticiafraga/LAB/qualidade-sistemas-java/./repos/chatgpt-java/src/main/java/com/plexpt/chatgpt/util/fastjson/JSONObject.java,com.plexpt.chatgpt.util.fastjson.JSONObject,toJSONString/0,false,27,1,3,2,1,1,1,3,1,0,0,1,0,0,0,0,0,0,0,0,0,0,0,0,0,0,7,1,0,false
/home/leticiafraga/LAB/qualidade-sistemas-java/./repos/chatgpt-java/src/main/java/com/plexpt/chatgpt/util/fastjson/JSONObject.java,com.plexpt.chatgpt.util.fastjson.JSONObject,"put/2[java.lang.String,java.lang.Object]",false,273,0,1,1,0,1,1,3,1,0,2,1,0,0,0,0,0,0,0,0,0,0,0,0,0,0,3,1,0,false
/home/leticiafraga/LAB/qualidade-sistemas-java/./repos/chatgpt-java/src/main/java/com/plexpt/chatgpt/util/fastjson/JSONObject.java,com.plexpt.chatgpt.util.fastjson.JSONObject,getBoolean/1[java.lang.String],false,84,2,2,0,2,2,2,7,2,1,1,2,1,1,0,1,0,0,0,0,1,0,1,0,0,0,8,1,0,false
/home/leticiafraga/LAB/qualidade-sistemas-java/./repos/chatgpt-java/src/main/java/com/plexpt/chatgpt/util/fastjson/JSONObject.java,com.plexpt.chatgpt.util.fastjson.JSONObject,getString/1[java.lang.String],false,220,1,2,1,1,2,2,7,2,1,1,2,1,1,0,1,0,0,0,0,1,0,1,0,0,0,6,1,0,false
/home/leticiafraga/LAB/qualidade-sistemas-java/./repos/chatgpt-java/src/main/java/com/plexpt/chatgpt/util/fastjson/JSONObject.java,com.plexpt.chatgpt.util.fastjson.JSONObject,getLongValue/1[java.lang.String],false,163,2,2,0,2,2,3,8,2,2,1,3,1,1,0,1,0,0,0,1,2,0,1,0,0,0,13,1,0,false
/home/leticiafraga/LAB/qualidade-sistemas-java/./repos/chatgpt-java/src/main/java/com/plexpt/chatgpt/util/fastjson/JSONObject.java,com.plexpt.chatgpt.util.fastjson.JSONObject,clear/0,false,283,0,0,0,0,1,1,3,0,0,0,1,0,0,0,0,0,0,0,0,0,0,0,0,0,0,1,1,0,false
/home/leticiafraga/LAB/qualidade-sistemas-java/./repos/chatgpt-java/src/main/java/com/plexpt/chatgpt/util/fastjson/JSONObject.java,com.plexpt.chatgpt.util.fastjson.JSONObject,hashCode/0,false,308,0,0,0,0,1,1,3,1,0,0,1,0,0,0,0,0,0,0,0,0,0,0,0,0,0,2,1,0,false
/home/leticiafraga/LAB/qualidade-sistemas-java/./repos/chatgpt-java/src/main/java/com/plexpt/chatgpt/util/fastjson/JSONObject.java,com.plexpt.chatgpt.util.fastjson.JSONObject,JSONObject/0,true,19,0,0,0,0,1,0,3,0,0,0,0,0,0,0,0,0,0,0,0,1,0,0,0,0,0,6,1,0,false
/home/leticiafraga/LAB/qualidade-sistemas-java/./repos/chatgpt-java/src/main/java/com/plexpt/chatgpt/util/fastjson/JSONObject.java,com.plexpt.chatgpt.util.fastjson.JSONObject,getBigInteger/1[java.lang.String],false,214,2,2,0,2,1,2,4,1,1,1,2,1,1,0,0,0,0,0,0,1,0,0,0,0,0,8,1,0,false
/home/leticiafraga/LAB/qualidade-sistemas-java/./repos/chatgpt-java/src/main/java/com/plexpt/chatgpt/util/fastjson/JSONObject.java,com.plexpt.chatgpt.util.fastjson.JSONObject,remove/1[java.lang.Object],false,243,0,0,0,0,1,1,3,1,0,1,1,0,0,0,0,0,0,0,0,0,0,0,0,0,0,3,1,0,false
/home/leticiafraga/LAB/qualidade-sistemas-java/./repos/chatgpt-java/src/main/java/com/plexpt/chatgpt/util/fastjson/JSONObject.java,com.plexpt.chatgpt.util.fastjson.JSONObject,getInteger/1[java.lang.String],false,140,2,2,0,2,1,2,4,1,1,1,2,1,1,0,0,0,0,0,0,1,0,0,0,0,0,8,1,0,false
/home/leticiafraga/LAB/qualidade-sistemas-java/./repos/chatgpt-java/src/main/java/com/plexpt/chatgpt/entity/images/Edits.java,com.plexpt.chatgpt.entity.images.Edits,"ofB64_JSON/3[java.lang.String,int,java.lang.String]",false,29,1,1,0,1,1,1,3,1,0,3,1,0,0,0,0,0,0,0,0,0,0,0,0,0,0,9,9,0,false
/home/leticiafraga/LAB/qualidade-sistemas-java/./repos/chatgpt-java/src/main/java/com/plexpt/chatgpt/entity/images/Edits.java,com.plexpt.chatgpt.entity.images.Edits,"ofURL/3[java.lang.String,int,java.lang.String]",false,25,1,1,0,1,1,1,3,1,0,3,1,0,0,0,0,0,0,0,0,0,0,0,0,0,0,6,9,0,false
/home/leticiafraga/LAB/qualidade-sistemas-java/./repos/chatgpt-java/src/main/java/com/plexpt/chatgpt/entity/images/Edits.java,com.plexpt.chatgpt.entity.images.Edits,"Edits/4[java.lang.String,int,java.lang.String,java.lang.String]",true,19,0,2,2,0,1,4,6,0,0,4,4,0,0,0,0,0,0,8,0,0,0,0,0,0,0,9,1,0,false
/home/leticiafraga/LAB/qualidade-sistemas-java/./repos/chatgpt-java/src/main/java/com/plexpt/chatgpt/entity/images/Generations.java,com.plexpt.chatgpt.entity.images.Generations,"ofURL/3[java.lang.String,int,java.lang.String]",false,62,1,1,1,0,1,7,3,1,0,3,7,0,0,0,0,0,0,0,0,0,0,0,0,0,0,8,9,0,false
/home/leticiafraga/LAB/qualidade-sistemas-java/./repos/chatgpt-java/src/main/java/com/plexpt/chatgpt/entity/images/Generations.java,com.plexpt.chatgpt.entity.images.Generations,"ofB64_JSON/3[java.lang.String,int,java.lang.String]",false,71,1,0,0,0,1,7,3,1,0,3,7,0,0,0,0,0,0,0,0,0,0,0,0,0,0,11,9,0,false
